handle,impressions_12m,clicks_12m
e27-base-bulb,680476,953
led-bulbs,245025,526
wire-connectors,201231,378
pendant-lights,197510,336
lampshades,194814,1494
chandelier,187457,105
vintage-bulbs,159690,657
plugin-lighting,155447,1179
holder,152541,667
wall-light,148349,88
kitchen-lights-for-over-table,135499,126
mail-bags,93061,24
ceiling-lights-for-flash-lights,90422,62
single-outlet-ceiling-rose,87530,390
metal-holders,87376,174
bedroom-lighting,84207,40
hooks-and-rings,83969,584
kitchen-lighting,83903,44
wall-lights-for-bedroom-lights,78805,36
storage-bags,77878,60
wire-cage,76125,291
three-outlet-lighting,75269,412
spider-light,70896,1002
hemp-rope-lighting,69150,571
laundry-bags,68765,96
dc-12v-transformer,68688,225
vintage-cables,67798,193
ceiling-rose-brackets,67306,500
glass-shade-lighting,66196,91
vintage-lighting,64396,150
ceiling-lighting,63870,137
easy-fit-shades,62213,152
dimmable-led-bulbs,61561,39
indoor-wall-lamps,60710,39
led-transformers,60328,228
clocks,59393,73
white-board,58313,47
shower-curtain,57208,70
e14-base-bulb,56438,25
energy-saving-led-light-bulbs,56026,31
outdoor-wall-lights,55011,28
led-panels,53876,26
living-or-dining-room-lighting,53310,10
conduit-lighting,51319,1469
weighing-scale,50380,28
multi-outlet-lighting,49299,32
switches,48485,108
easy-fit-metal-shade,48425,119
incandescent-bulbs,47454,83
door-mat,45599,26
pipe-lighting,44228,581
dc-5v-transformer,43101,103
rose-gold-lighting,42846,105
dc-24v-transformer,42467,176
2core-twisted,41016,323
wire-connectors-junction-box,40122,67
wire-cage-pendant-light,37145,177
ceiling-light-living-room,36836,6
rattan-lamp,36285,22
all,34228,100
easy-fit-lamp-shades-cages,33905,170
pendant-holder,33900,189
black-friday-50-off,32707,118
ceiling-lights-for-panel-lights,31937,27
vintage-fittings-for-pendant-lights,30802,119
latest-pendent-shade,30227,82
bath-set,29161,32
cafe-restaurants,27731,76
plug-in-wall-light,27692,39
bsell-06,27481,292
2core-round,27402,131
b22-base-bulb,27271,22
ceiling-lights-for-office-lights,26437,9
switches-and-sockets,25558,33
ceiling-roses,25542,163
power-adapters,24762,111
office-items,24593,61
chandeliers-lighting,21910,26
table-lamps,21403,3
hemp-collection,21377,198
e27-led-bulbs,19692,44
led-modules,18823,32
3core-twisted,18618,119
pipe-lighting-accessories,18530,150
non-dimmable-led-bulbs,17181,20
warm-white-vintage-bulbs,16594,52
cord-grip-and-hanging-chains,16362,99
wire-connecter-with-ceiling-rose-brackets,15723,94
wall-lights-for-cafe-restaurant,15234,66
belt,14927,14
waterproof-transformers,13862,90
lighting-shades,13049,29
switch-wall-light,12964,30
outdoor-lights-with-sensor,12367,7
all-products,12153,32
handles,11418,5
lamp-spare-parts-sales,10651,21
accessories,10484,12
glass-wall-lights,10369,3
vintage-fabric-cables,9964,29
ceiling-lights-for-kitchen-lights,9819,1
bath-products,9624,23
3-head-rectangle-or-round-ceiling-rose,9601,40
clear-bag,9595,12
home-office-lighting,9585,21
junction-box,9296,4
artificial-flower-pots,9285,15
power-adapter-with-neon-flex-sales,8735,63
e27-b22-globe-bulb,8536,12
wall-lights-for-living-room-lights,8507,1
bakelite-holders,8502,119
15-off-1,8469,120
modern-lighting,7777,1
indoor-led-lights,7102,4
ceiling-lights-for-bedroom-lights,7067,0
neon-flex,6299,1
glass-lights-for-cafe-restaurant,6174,33
multi-outlet-lighting-deals,6133,16
wall-lights-for-home-office-lights,6104,7
luminous-deals-glow-up-your-savings,6087,198
all-ceiling-rose,6022,38
3core-round,5647,41
vintage-lights-for-kitchen-lights,5556,16
b22-led-bulbs,5341,17
tapes,5101,1
ceramic-holders,4948,28
led-lightings,4905,7
constant-voltage-transformer,4661,23
decorative-lighting-cable,4566,23
vendor-products-ceiling-rose-fitting-batch-3,4551,24
easy-fit-lamp-shades,4528,15
constant-current-transformer,4455,27
wall-lights-for-wood-lights,4188,6
conduit-accessories,4176,7
diy-tools,4093,39
hemp-rope-lights-any-rooms-offer,3924,26
slim-transfomers,3874,21
kitchen-items,3603,3
chandelier-type-ceiling-lights,3452,1
conduit-lightings,3367,35
conduit-lamp-holder,3329,101
glow-up-collection,3189,8
conduit-wall-lights-industrial-pipe-wall-sconces,3121,35
sale,3046,8
indoor-lighting,3014,0
hemp-rope-lights-for-cafe-restaurant,2968,14
new-arrivals,2935,2
pulley-wheel-pendant-light,2766,60
lamp-spares,2699,13
ceiling-pipe-lights,2484,14
shade-ring,2483,11
catalog_transformers,2429,12
catalog_others,2415,2
glass-pendant-lights,2318,2
save-big-at-our-clearance-event,2287,1
pool-table-lights,2246,14
office-lighting,2183,5
vendor-products-shade-batch-3,2170,5
cage-pendant-light,2156,13
catalog_lampshades,2088,0
wall-lamp-collection-at-affordable-prices,2068,1
value-light,1978,0
dc-12v-driver,1904,13
pattern-shade,1719,0
modern-energy-efficient-pendant-ceiling-wall-lighting-uk,1682,8
wall-lights-for-pipe-lights,1679,8
new-collection,1677,0
ceilingrose-hook-plate,1674,10
spider-lights-for-cafe-restaurant,1641,15
recommended-products-seguno,1524,4
new-led-bulb,1508,0
easy-fit-wire-cage,1466,6
swan-neck-wall-lights,1463,13
types,1386,1
electrician-essential-products-uk,1376,4
masonry-screws-anchors,1376,4
ip67-waterproof-led-drivers,1334,6
led-lighting,1240,0
lighting-set,1237,4
pipe-light-sales,1232,4
led-pixel-lights-and-accessory,1222,1
bulbs,1215,10
spider-light-accessories,1202,40
30-off,1199,12
green-day-lighting,1150,5
refurbished-products,1146,13
lighting-trends-2026,1112,9
illuminate-your-space-the-ultimate-light-collection,1103,0
wholesale-lampshade,1026,8
best-deals-wall-light-indoor-outdoor,1025,0
all-transformers,954,0
lighting-kit-parts,683,3
top-sellers-best-industrial-lighting,659,2
foot-wear,653,1
fitting-items,647,3
ip-20-transformers,645,1
ip20-led-power-supplies-1,635,2
lamp-spares-1,572,5
glow-mode-on-1,572,3
hemp-rope-lighting-deals,557,3
vintage-bulbs-4w,543,5
lampshade-e27-b22,538,3
ip20-led-power-supplies,524,1
new-products,517,2
bathroom-accessories,510,1
conduit-pipe,407,0
black-pipe-fittings-tubing,399,2
tiffany-pendant-lights,390,0
pipe-lights-for-kitchen-lights,373,3
plug-in-hanging-light,369,5
top-deals,335,2
designer-lighting-collection,334,0
huge-25-discount-on-designer-lighting-collection,324,0
luxury-lighting-collection,323,0
electrical-cable-connectors,320,0
low-wattage-bulbs,320,0
top-selling-pendant-lights-collection,319,0
premium-lighting,318,20
drivers-module,264,0
e14-candle-bulb,246,0
ph-bulbs,242,2
pendant-lightss,240,0
latest-product,235,0
pre-black-friday-deals,230,0
pipe-lights-for-cafe-restaurant,224,2
3-bulb-pendant-light,223,4
modern-lighting-off,216,1
ceiling-rose-fittings,214,1
home-lighting,196,2
commercial-lighting-for-restaurants-uk,194,0
best-products-24-s,190,1
patten-shade-lighting,188,1
all_products,186,1
electric-cable,184,1
fast-moving-product,184,0
best-offers-products,181,0
semi-flush-lighting,181,0
morandi-pendant-light,177,3
vendor-products-wall-light-batch-3,175,0
pipe,172,2
weekly-promotion,172,0
ceiling-spotlights,170,2
sports-accessories,168,0
switches-sockets-sales,166,1
e14-bulb-holder,163,3
twin-wall-light,161,2
cable-tie,159,2
steampunk-wall-lights,154,0
decorative-lights,149,0
transformers-led-bulbs-collection,142,0
micro-ceiling-rose-multy-outlet,135,3
led-modules-transformers,133,1
top-accessories,133,0
lampshade-easy-to-fit,127,2
top-selling-shade,127,0
modern-lights,126,0
celing-rosre-b,125,5
ceramic-and-backlight-holders,123,1
exclusive-new-trend,118,1
custom-products,114,1
all-products-1,113,0
diy-lighting,112,0
vintage-fitting-best-offer,109,0
electrical-cables-wires,108,0
ip45-rainproof-led-drivers,105,1
stylish-bedroom-lights-uk,105,1
google-ads,101,2
top-ceiling-lights-fixtures-pendant-lighting,101,0
wall-light-any-room-sales,101,0
threaded-rod,100,1
switch-with-accessories,96,0
decking-tiles,95,0
industrial-lighting-collection,94,0
premium-wall-lights-collection-uk,94,0
top-selling-lighting-product,93,0
brushed-lighting,92,0
home-lighting-sale-uk,92,0
weekly-promotion-offer,89,0
energy-efficient-lighting-collection-modern,88,0
vintage-cables-off,88,0
buy-one-get-one-free-1-1,87,0
vendors,86,0
conduit-lighting-accessories,85,0
new-transformer-optimize,84,0
packing-items,81,0
transfo,77,0
power-converter,76,0
small-lighting-parts,74,0
20-off,72,0
energy-efficient-lighting,72,0
best-deals-sj,69,0
wood-lighting,66,0
sales,65,0
single-pendant-light,65,0
diy-lighting-new,61,1
cyber-monday-mega-sale,61,0
new-product-20,60,0
elegant-lighting-collection,58,0
conduit-3-4-inch-system,55,0
trendy-stylish-lighting,55,0
config-sp-lamp-shade,53,0
ninc-products,53,0
offer-deals,53,0
new-product-off,52,0
test-pipe-light-accessories,51,0
hemp-lights-for-kitchen-lights,50,0
led-drivers-led-modules,50,0
top-selling-bulbs,50,0
modern-shine-lighting,49,0
halloween-sale,48,0
stylish-lights,48,0
transformers,46,0
black-friday-ceiling-flush-mount-light,44,0
new-offer-sale,43,1
living-room-lighting,43,0
modern-classic-home,43,0
power-supply,43,0
wall-light-buy-2-get-10-off,43,0
plug-in-pendant-light,42,0
gift-bags,40,0
16mm-systems,39,0
industrial-vintage-pendant-lights,39,0
pipe-fitting-accessories-best-off,39,0
pendant-light-with-switch-on-cord,38,0
bselltm,37,1
free-uk-shipping,37,0
promotion-new-products-collection,37,0
lights-parts,34,0
black-friday-wall-light,31,0
ceiling-flash-lights-off,31,0
top-sell-ads,31,0
best-selling-product-off,30,1
home-lighting-collection-stylish-lights-online,30,0
micro-cables,30,0
transformers-2024,30,0
conduit-lid-14mm-people-also-bought,29,0
home-lighting-collection,29,0
led-driver-transformer,28,0
wall-light-components,27,0
luminous-deals,26,0
save-big-for-a-limited-time-up-to-50-off,26,0
holder-1,25,0
vendor-products-cable-batch-3,25,0
50-orders,24,0
glass-lamp-shades,24,0
lighting-collection,24,0
switch,24,0
shop-lighting,23,1
fabric-lighting-cable,23,0
fast-moving-2,22,0
ip-45-transformers,22,0
jbh15offanyroom,22,0
retro-vintage-pendant-collection,22,0
slow-move,21,0
clearance-sales,20,0
home-and-garden,20,0
shining-radiance,20,0
dc-12v-led-driver,19,0
vendor-products-bulb-batch-3,19,0
black-friday-ceiling-rose,18,1
pack-products,18,0
radiant-illumination,18,0
shoptimize-01,18,0
bank-holiday-special-off,17,0
chandelier-collection,17,0
halloween-specials-2025,17,0
led-bulbs-off,17,0
industrial,16,0
labors-day,16,0
top-products,16,0
top-selling-transformers,16,0
wall-lights-sconces,16,0
flash-sale-up-to-70-off-1,15,1
transformer-4490,14,1
bundle-offer-1,14,0
clearance-last-chance-deals,14,0
modern-radiant-lighting,14,0
seasonal-promotion-limited-time,14,0
selected-2025,14,0
top-picks,14,0
promotions,13,2
black-friday-pendant-holder,13,1
exclusive-seasonal-deals,13,0
light-up-your-bank-holiday-special-offers,13,0
performance-max-pipe-fitting,13,0
pipe-accessories-off,13,0
vendor-products-lights-batch-3,13,0
wire-cage-pendant,13,0
cable-promo-collections,12,0
hete-verkoop,12,0
most-popular-trending-products,12,0
2m-twisted-cable-e27-base-pendant-holder,11,0
batton-aluminium-lightings,11,0
best-seller,11,0
black-friday-mega-sale,11,0
electrical-tape-one,11,0
hot-selling-products,11,0
lighting-trends-2026.atom,11,0
home-improvement-products,9,0
limited-time-lighting-sale,9,0
limited-time-up-to-50-off,9,0
modern-stylish-lights-for-every-room,9,0
new-collections-satin-nickel,9,0
plug-in-lighting-offer,9,0
slow-moving,9,0
test-pipe-light-accessories-1,9,0
vendor-products-batch-3,9,0
vendor-products-table-light-batch-3,9,0
15,8,0
acccessories,8,0
cool-white,8,0
micro-3core-twisted,8,0
summer-lighting-trends,8,0
2026-mega-lighting-sale,7,0
autumn-lighting-trends,7,0
config-sp-holder,7,0
files,7,0
under-25,7,0
christmas-deals-2025,6,0
common-offer-collection,6,0
config-table-lamp,6,0
config-tl-shade,6,0
elegant-collectives,6,0
flash-sales-24,6,0
modern-lighting-fixtures,6,0
new-year-deals-2026,6,0
new-year-sale,6,0
sand-papers,6,0
top-deals-no-brainer-steals,6,0
best-deals,5,2
best-selling-8,5,0
black-friday-table-lamp,5,0
country-house,5,0
electrical-lighting,5,0
flash-sale-up-to-70-off,5,0
lighting-trends-inspiration,5,0
pendant-holder-order,5,0
selected-2023,5,0
stylish-lighting-fixtures,5,0
bundle-deals-1,4,0
config-tl-cabel,4,0
config-tl-plug,4,0
hot-picks,4,0
modern-home-lights,4,0
pendant-light-buy-2-get-10-off,4,0
sjn-premium-lighting,4,0
summer-sale,4,0
top-selling-pendant-lights,4,0
top-trending-this-week,4,0
black-friday-wall-light-1,3,0
home-garden,3,0
industrial-vintage-lighting,3,0
lighting-accessories,3,0
new-c-p,3,0
seasonal-clearance,3,0
spider-top,3,0
15-special-offer,2,0
20mm-system,2,0
best-deals-new,2,0
best-sellers,2,0
cable,2,0
ceiling-rose,2,0
config-holder,2,0
config-sp-cable,2,0
config-tl-holder,2,0
fast-slow,2,0
industrial-lighting,2,0
pendent_light_one,2,0
promotion,2,0
seasonal-clearance-1,2,0
shade-pendant-light,2,0
transformers-1,2,0
up-to-30-off,2,0
vintage-cables-1,2,0
20-off-1,1,0
best-deals-bogo,1,0
black-friday-cable,1,0
bundle-deals,1,0
bundle-offer,1,0
buy-3-get-1,1,0
ceiling-lights,1,0
config-sp-ceiling-rose,1,0
led-neon-flex,1,0
light-bulbs,1,0
multi-outlet-ceiling-rose,1,0
pendant-lights-with-shades,1,0
spider-lights,1,0
stylish-lighting,1,0
summer-bank-holiday,1,0
super-deal,1,0
top-sell-2021,1,0
wall-lights,1,0
