adjustable cable;20
adjustable hanging light;170
adjustable pendant light;260
adjustable wall light;480
adjustable wall sconce;90
antique brass light;590
antique brass pendant light;880
antique brass table lamp;720
antique brass wall light;2400
antique glass wall light;10
antique wall sconces;260
arm wall light;210
ball ceiling pendant light;0
bar pendant light;590
bar pendant lights;320
barn pendant light;20
black brass pendant light;20
black cable;210
black cage ceiling light;110
black cage pendant light;50
black cage pendant lights;0
black cage wall light;20
black cage wall lights;10
black ceiling light;3600
black chandelier;2900
black hanging light;260
black industrial pendant light;140
black industrial pendant lights;20
black industrial wall light;110
black lamp;3600
black lampshade;1900
black light shade;2400
black metal ceiling pendant light;20
black metal pendant light;110
black metal shade;20
black metal wall light;40
black metal wall lights;110
black pendant ceiling light;590
black pendant lamp;2900
black pendant light;2900
black pendant lights;480
black shade;170
black wall light;1300
black wall lights;3600
black wall sconce;170
black wall sconces;70
black white cable;20
black white light;0
black white pendant light;20
black wire pendant light;30
blue ceiling pendant light;20
blue pendant lamp;210
blue pendant light;260
bohemian pendant light;20
boho pendant light;90
braided flex;70
brass industrial wall sconce;0
brass pendant light;1600
brass wall lighting;210
bulb;8100
cage black pendant light;0
cage ceiling light;110
cage hanging light;90
cage light;210
cage lighting;50
cage metal pendant light;0
cage pendant light;170
cage pendant lights;10
cage rose;20
cage wall light;90
ceiling hanging light;50
ceiling lamp;2400
ceiling lampshade;880
ceiling light;22200
ceiling lighting;1900
ceiling pendant lamp;10
ceiling pendant light;1600
ceiling pendant lights;1900
chandelier;27100
chandelier pendant light;480
cheap wall lights;590
chrome ceiling pendant light;40
chrome pendant light;480
cluster ceiling lights;1000
cluster lighting;170
cluster pendant lamp;1300
cluster pendant light;1000
colour pendant light;30
commercial light;90
commercial pendant light;30
cone pendant light;140
copper cage pendant light;20
copper ceiling light;880
copper ceiling lights;480
copper ceiling rose;40
copper hanging light;260
copper industrial ceiling light;20
copper metal pendant light;320
copper pendant light;880
copper shade;30
copper wall light;260
cord plug;20
crystal chandelier;2900
crystal glass pendant light;20
crystal pendant light;390
crystal shade;10
cylinder pendant light;50
dimmable hanging lights;70
dome pendant ceiling light;30
dome pendant light;170
down wall light;110
drop ceiling lights;1000
drum light;110
drum plug;20
fabric cable;110
fabric wall sconce;20
fancy wall lights;170
flat ceiling light;320
flex pendant light;20
flush ceiling light;3600
glass pendant light;1300
glass table lamp;2900
glass wall light;590
glass wall lights;1600
globe shade;20
gold pendant light;1300
gold pendant lights;590
green pendant lamp;90
grey hanging lights;70
hanging ceiling light;320
hanging chandelier;210
hanging lighting;210
hanging lights;3600
hanging pendant lamp;590
hanging pendant light;320
hanging pendant lights;880
hanging wall light;320
hemp cable;20
hemp rope chandelier;20
hemp rope pendant light;20
holder ceiling light;140
holder wall light;20
in wall light;20
in wall lighting;10
industrial black pendant light;20
industrial black wall light;90
industrial brass pendant light;20
industrial cage lamp;30
industrial cage light;90
industrial cage lighting;0
industrial cage pendant light;20
industrial cage wall light;20
industrial ceiling light;390
industrial ceiling lights;1000
industrial ceiling pendant light;20
industrial chandelier;210
industrial copper lamp;20
industrial copper pendant light;90
industrial flex;20
industrial glass lampshade;10
industrial glass lighting;20
industrial glass pendant light;70
industrial glass pendant lights;20
industrial glass wall light;20
industrial hanging light;140
industrial holder;20
industrial lampshade;110
industrial light;720
industrial light shade;480
industrial lighting;1600
industrial lights;590
industrial metal ceiling light;20
industrial metal hanging light;20
industrial metal lamp shade;0
industrial metal pendant lamp;0
industrial metal pendant light;50
industrial metal pendant lights;0
industrial metal shade;20
industrial metal wall light;0
industrial nautical pendant light;20
industrial pendant ceiling light;10
industrial pendant light;390
industrial plug-in pendant light;20
industrial plug-in wall light;40
industrial retro ceiling light;0
industrial retro lamp;20
industrial retro pendant lamp;0
industrial retro pendant light;0
industrial shade;0
industrial spider light;20
industrial table lamp;720
industrial vintage ceiling light;20
industrial vintage lamps;10
industrial vintage lighting;50
industrial vintage pendant lamp;0
industrial vintage pendant light;10
industrial vintage wall light;0
industrial wall light;480
industrial wall lights;1300
industrial wall sconce;70
industrial white pendant light;0
island pendant light;110
island pendant lights;880
lamp light;880
lamp pendant light;20
lampshade;12100
lantern;22200
light;33100
light pendant light;30
light wall sconce;0
lighting cable;1300
lights;18100
lights wall sconces;0
loft wall light;20
metal black pendant light;20
metal bulb holder;20
metal cage light;20
metal cage lighting;20
metal cage pendant light;20
metal cage wall light;20
metal ceiling light;210
metal ceiling pendant light;20
metal hanging light;10
metal lamp;390
metal pendant ceiling light;0
metal pendant light;320
metal pendant lights;140
metal wall light;140
metal wall sconce;20
minimalist pendant light;70
minimalist table lamp;140
minimalist wall sconce;20
mosaic desk lamp;20
mosaic light;20
mosaic table lamp;110
mount ceiling light;50
multi pendant light;390
nickel wall light;210
nordic pendant light;170
octopus ceiling light;40
off switch;210
orange wall light;170
outdoor lamp;1300
outdoor wall lantern;1300
outdoor wall light;2400
outdoor wall lights;12100
outdoor wall sconce;140
outlet ceiling light;10
pendant ceiling light;1000
pendant chandelier;480
pendant hanging light;140
pendant holder;90
pendant lamp;1000
pendant lampshade;590
pendant light;12100
pendant lighting;3600
pendant lights;6600
pendant shade;720
pendant shades;590
pink pendant light;260
pipe table lamp;20
pipe wall light;10
plug;12100
plug-in pendant light;30
plug-in switch;0
plug-in vintage wall sconce;20
plug-in wall light;320
plug-in wall sconce;0
plug-in wall sconces;40
plugin wall light;50
porch lights;3600
rattan ceiling light;1600
rattan pendant light;1300
reading table lamps;50
red light;5400
red pendant lamp;170
red pendant light;210
retro ceiling light;210
retro ceiling pendant light;20
retro copper pendant light;20
retro industrial chandelier;20
retro industrial light;20
retro industrial pendant light;20
retro lighting;390
retro metal lamp;20
retro metal lampshade;20
retro metal pendant light;20
retro pendant light;170
retro vintage lamp;0
retro wall light;210
retro wooden table lamp;30
rope pendant light;260
rope wall lights;140
round pendant light;170
rubber cable;140
rustic cage pendant light;10
rustic lamp shade;50
rustic lampshade;90
rustic metal pendant light;20
rustic pendant light;140
rustic wall light;70
rustic wall lights;480
sconce wall light;880
sconces;2400
shade pendant light;90
shaded pendant light;50
silver ceiling light;320
single pendant ceiling light;10
single pendant light;170
spider ceiling pendant light;20
spider light;1000
spider pendant light;320
spider pendant lights;20
steampunk ceiling light;140
steampunk desk lamp;20
steampunk lighting;390
steampunk pendant light;20
swag hanging light;10
swag pendant light;70
swag plug;20
teardrop ceiling pendant light;10
teardrop pendant light;170
tube pendant light;90
umbrella pendant light;20
unique pendant light;20
vintage black chandelier;20
vintage black pendant ceiling light;0
vintage black table lamp;10
vintage black wall sconce;20
vintage brass lamp;260
vintage brass pendant light;70
vintage brass wall sconce;140
vintage cable;20
vintage cage pendant light;20
vintage cage wall light;0
vintage ceiling pendant light;10
vintage glass ceiling light;110
vintage glass pendant ceiling light;20
vintage glass pendant light;110
vintage glass table lamp;30
vintage hanging light;20
vintage hanging lights;110
vintage holder;20
vintage industrial ceiling light;140
vintage industrial ceiling pendant light;0
vintage industrial lamp holder;20
vintage industrial light;110
vintage industrial pendant lamp;70
vintage industrial pendant light;50
vintage industrial pendant lights;20
vintage industrial wall light;20
vintage industrial wall lights;140
vintage industrial wall sconce;20
vintage lighting;1000
vintage metal lampshade;0
vintage metal pendant light;0
vintage metal pendant lights;20
vintage outdoor wall light;30
vintage pendant lamp;90
vintage pendant light;260
vintage pendant lights;260
vintage plug;20
vintage plug-in pendant light;20
vintage plug-in wall light;20
vintage retro light;40
vintage retro pendant light;0
vintage retro pendant lights;140
vintage rope pendant light;20
vintage wall light;480
vintage wall lights;1300
vintage wall sconce;260
wall lamp;4400
wall light;9900
wall lighting;1600
wall lights;40500
wall sconce;2400
wall sconces;4400
wheel chandelier;30
wheel pendant light;20
white cable;110
white ceiling light;1000
white ceiling pendant light;50
white glass pendant light;110
white hanging light;0
white industrial pendant light;20
white lampshade;1000
white metal pendant light;20
white metal shade;20
white pendant ceiling light;90
white pendant lamp;210
white pendant light;720
white shades;480
wicker ceiling pendant light;0
wire cage ceiling light;20
wire cage lampshade;20
wire cage light;20
wire cage lighting;0
wire cage pendant light;20
wire cage shade;20
wire cage table lamp;20
wood table lamp;880
wooden table lamp;1600
wooden wall light;390
yellow pendant lamp;40
yellow pendant light;110
