5a driver;20
300ma driver;20
adjustable angle ceiling light;0
adjustable arm lamp;20
adjustable ceiling pendant light;20
adjustable ceiling spotlight;10
adjustable light;170
adjustable pendant ceiling light;0
adjustable retro ceiling light;0
amber glass light;90
amber glass light bulb;0
amber glass pendant light;260
amber glass shade;20
amber glass wall light;40
antique moroccan ceiling light;0
art deco wall clocks;170
artificial grass tiles;390
bakelite lamp holder;20
ball pendant lampshade;0
bar ceiling light;320
bathroom vanity light;170
battery operated bedside clock;30
bedside reading light;720
bedside table lamp;2900
bell lamp shade;40
bell light shade;50
best ceiling light;40
best rattan ceiling light;0
bird nest chandelier;0
black arm wall light;20
black bakelite lamp holder;0
black ceiling pendant light;260
black ceiling rose;1000
black colour cable;20
black compostable mailing bags;10
black conduit lighting;20
black cone wall light;20
black contemporary ceiling light;50
black double plug sockets;170
black drop pendant light;20
black glass shade;10
black gold pendant light;140
black lamp holder;90
black light;5400
black light bulb;260
black light bulb holder;20
black metal ceiling light;260
black metal ceiling rose;20
black metal chandelier;110
black metal lamp holder;20
black metal lampshade;140
black pendant cable;20
black pendant lamp holder;20
black plastic lamp holder;20
black single pendant light;30
black square ceiling rose;0
black vintage pendant light;20
blue ceiling light;590
blue colour ceiling light;20
blue industrial pendant light;20
blue lamp shade;1300
blue metal pendant light;20
blue pendant shade;20
blue pendent light;0
body weight digital scale;10
bottle light bulb holder;0
bracket for chandelier;0
braided electrical cable;140
brass bulb holder;90
brass ceiling lamp;210
brass ceiling pendant light;40
brass cone pendant light;20
brass lamp holder;480
brass metal pendant light;880
brass pendant bulb holder;0
brass pendant lamp;20
brass pendant lamp holder;20
brass wall spotlight;30
bronze metal chandelier;170
brown colour cable;20
brushed copper ceiling light;50
brushed copper lampshade;20
brushed copper light;20
brushed copper pendant light;30
brushed gold light;30
brushed silver pendant light;20
brushed steel ceiling light;140
bsp pipe light;0
bulb energy saving;90
bulb ceiling light;90
bulb holder;1300
bulb lamp holder;20
bulb light;480
bulbs energy saving;50
butterfly lamp shade;90
c35 candle light bulb;20
cable;8100
cable for lighting;170
cable for pendant light;40
cable for table lamp;10
cable pendant light;0
cable with bulb holder;20
cage ceiling pendant light;10
cage cluster pendant light;0
cage industrial light;0
cage lamp shade;140
cage light shade;210
cage pendant lamp;90
cage pendent light;0
candle bulb chandelier;20
candle bulb light;480
candle edison bulbs;20
canopy for pendant light;0
carbon steel pipe tube;0
cast iron pipe fitting;0
ceiling adjustable pendant light;0
ceiling down light;90
ceiling hook pendant light;20
ceiling lamp chandelier;70
ceiling lamp holder;170
ceiling lamp light;90
ceiling lamp lighting;0
ceiling lamp shade;1000
ceiling lights pendant light;390
ceiling mounted lamp;90
ceiling pendant kit;20
ceiling pendant lamp holder;20
ceiling pendant lampshade;10
ceiling pendant shade;140
ceiling pendent light;20
ceiling rose;14800
ceiling rose pendant light;90
ceiling spot light;390
ceramic base table lamp;210
ceramic bedside table lamp;10
ceramic bulb holder;140
ceramic heat bulb holder;30
ceramic light bulb holder;20
ceramic porcelain lamp holder;0
chandelier and pendant light;0
chandelier style ceiling light;40
christmas gift bag bundle;0
chrome ceiling rose;260
chrome ceiling spotlight;0
chrome crystal chandelier;20
chrome pendant ceiling light;40
chrome pendant chandelier;20
clamp for cable;880
clock with roman numerals;590
clocks for living room;480
cloth covered electrical cord;20
cob chip light;10
coffee shade;20
collar ring lampshade;0
compact clothes drying rack;30
conduit lighting;260
conduit pendant light;20
cone lamp shade;140
cone light shade;320
cone pendant shade;10
cone shape lampshade;30
cone shaped pendant light;10
constant current driver;50
constant current transformer;20
constant voltage driver;30
constant voltage transformer;50
copper ceiling lampshade;0
copper ceiling pendant light;10
copper dome ceiling light;20
copper drum lampshade;10
copper industrial pendant light;10
copper industrial wall light;0
copper lampshade;590
copper light bulb holder;20
copper pendant lampshade;20
cord grip bulb holder;0
core flexible cable;50
corn light bulb;50
crackle glass pendant light;20
crow table lamp;20
crystal cage chandelier;10
crystal ceiling pendant light;0
crystal chandelier ceiling light;260
crystal semi flush light;10
crystal shade ceiling light;140
cylinder glass shade;20
decor home lighting;0
decorative bulb;110
decorative glass pendant light;10
decorative light shade;0
decorative pendant light;50
diamond cage pendant light;20
digital bathroom weighing scale;90
dining room light;1300
dining room wall light;40
disc lamp shade;20
dome ceiling light;320
dome flush ceiling light;20
dome lamp shade;210
dome light shade;170
dome pendant lampshade;0
double arm wall light;210
double head wall light;20
double sided foam tape;1300
double sided nano tape;210
down light;1000
driver;18100
driver transformer;10
drum ceiling lampshade;40
drum light shade;590
easy fit ceiling light;140
easy fit lampshade;260
easy fit lighting;110
easy fit pendant light;110
easy fit shade;110
edison bulb;1300
edison bulb amber;20
edison bulb lamp;110
edison bulb pendant light;70
edison lamp holder;20
edison pendant light;20
edison tubular light bulb;0
edison vintage;10
edison vintage light bulb;30
energy efficient light;70
energy saving bulb;210
energy saving bulbs;720
energy saving light bulb;210
energy saving lighting;90
extra loud alarm clocks;70
fabric cable pendant light;20
fabric covered lamp;10
fabric electric cable;20
fabric electrical cable;110
fabric flex cable;30
fabric flex pendant light;0
fabric lamp cable;20
fabric lampshade;390
fabric lighting;20
female male cable;20
fit light shade;0
fitting ceiling rose;30
flex rope light;20
flexible electrical cable;40
floral gift bag;50
floral glass lampshade;110
floral glass pendant light;20
flush ceiling chandelier;170
flush mount ceiling light;1600
flush mount lamp;170
flush mount light;210
flush mount lighting;210
flush mounted ceiling light;20
french gold pendant light;0
glass bedside table lamp;30
glass ceiling pendant light;110
glass cluster pendant light;110
glass cylinder lamp;20
glass flower;720
glass globe lampshade;210
glass globe table lamp;50
glass lamp shade;880
glass lantern pendant light;50
glass light shade;1300
glass mosaic lamp;10
glass mosaic table lamp;0
glass pendant ceiling light;480
glass pendant lighting;390
glass shade wall light;20
globe lamp;1300
globe light bulb;140
globe pendant lampshade;0
gls bulb;1600
gls light bulb;320
gls lighting;140
gold cage ceiling light;20
gold ceiling light;2400
gold ceiling pendant light;40
gold crystal chandelier;320
gold fabric cable;0
gold light;1300
gold light shade;1300
gold metal lampshade;20
gray ceiling light;20
green ceiling light;1000
green dome shade;0
green vintage pendant light;20
grey ceiling light;390
grey pendant light;170
hammered bronze pendant light;20
hang lamp;140
hanging crystal chandelier;30
hanging for living room;20
hanging lamp light;0
hanging light;1300
hanging pendant shade;0
heavy cable;20
heavy duty cable;90
hemp pendant light;20
hemp rope ceiling light;20
hook for hanging light;20
hook for pendant light;40
horse head table lamp;20
incandescent vintage light bulb;1300
indoor hanging wall light;0
industrial adjustable wall light;20
industrial cage ceiling light;50
industrial ceiling lamp;390
industrial ceiling rose;20
industrial chrome pendant light;20
industrial cluster pendant light;40
industrial copper wall light;20
industrial edison wall light;0
industrial flush ceiling light;30
industrial lamp holder;20
industrial lamp shade;390
industrial pendant lamp holder;0
industrial pendant lampshade;20
industrial pendant shade;20
industrial pipe ceiling light;30
industrial pipe light;0
industrial pipe lighting;40
industrial pipe wall light;0
industrial pulley ceiling light;0
industrial pulley light;20
industrial pulley lighting;0
industrial retro lighting;10
industrial rope pendant light;20
industrial sconce wall light;20
industrial spider chandelier;10
industrial style ceiling light;260
industrial style pendant light;30
industrial vintage chandelier;20
industrial wall lamp;590
inline junction box;260
iron pipe lamp;20
iron pipe light;0
iron pipe lighting;0
junction box cable;110
junction box electrical connector;0
kitchen island lighting;3600
kitchen island pendant light;170
kitchen pendent light;10
kitchen table light;70
knob for lamp;20
lamp;40500
lamp bulb holder;210
lamp cord cable;20
lamp holder;1600
lamp holder ceiling light;0
lamp light bulb holder;20
lamp light shade;30
lamp shade;9900
lamp shade ceiling light;50
lamp shade pendant light;170
lamp shade wall light;70
lamp with bulb holder;10
lampshade for hanging light;2400
lampshade for pendant light;20
lampshade pendant light;10
lantern security light;40
large coolie lampshade;0
learning tool for kids;0
lever nut connectors;20
light blue ceiling light;30
light blue pendant light;90
light bulb;12100
light bulb holder;720
light bulb lamp holder;20
light candle chandelier;50
light ceiling chandelier;20
light ceiling light;8100
light ceiling rose;210
light ceiling spotlight;0
light connector cable;0
light crystal chandelier;0
light fitting chandelier;90
light green lighting;0
light lamp shade;20
light pendant ceiling rose;90
light wood pendant light;20
lighting;18100
living room ceiling light;1000
living room chandelier;880
living room lighting;2400
living room modern design;90
long bulb;170
long ceiling pendant light;20
long tube pendant light;20
loud bedside alarm clock;0
low voltage transformer;210
luxury bath accessories set;0
m16 gland;20
m20 cable;20
mailing bags for shipping;10
mains power cable;90
male female pipe connector;20
malleable iron pipe fittings;260
matt black ceiling light;140
matte black pendant light;20
metal blue lampshade;0
metal cage lamp;20
metal cage lampshade;20
metal ceiling lamp;140
metal ceiling rose;110
metal cone pendant light;20
metal cone shade;20
metal dome ceiling light;20
metal dome pendant light;20
metal dome shade;20
metal drum lampshade;20
metal flush ceiling light;20
metal grey lampshade;20
metal hanging pendant light;90
metal lamp bulb holder;0
metal lamp holder;20
metal lamp shade;320
metal lampshade;590
metal light bulb holder;20
metal light shade;880
metal pendant lampshade;90
metal sconce light;10
metal shade pendant light;90
metal shade wall light;0
metal wire ceiling light;20
mid century wall sconces;40
military belts for men;0
mini transformer;90
modern adjustable wall light;20
modern black pendant light;90
modern ceiling chandelier;110
modern ceiling light;590
modern ceiling pendant light;20
modern crystal ceiling light;0
modern crystal chandelier;260
modern drum lampshade;0
modern farmhouse pendant light;10
modern flush ceiling light;90
modern hanging pendant light;50
modern industrial ceiling light;20
modern industrial pendant light;20
modern industrial wall light;10
modern kitchen pendant light;20
modern pendant light;320
modern rectangular chandelier;20
modern round wall light;20
modern wall light;590
modern white pendant light;110
modern wooden wall light;0
moderne plafond lamp;0
module;3600
morandi pendant light;20
moroccan hanging pendant light;70
moroccan pendant light;260
mortar and pestle grinding;0
mosaic glass table lamp;20
mount ceiling lamp;110
mr16 lamp holder;320
multi arm ceiling light;210
multi arm chandelier;50
multi drop pendant light;30
multi outlet ceiling rose;30
multiple pendant light;20
neon rope light;480
neon strip light;90
orange ceiling light;390
orange pendant light;320
outdoor black wall light;70
outdoor electrical junction box;1300
outdoor string light bulb;0
outlet ceiling rose;0
outside light;2900
over counter light;20
painting for home decor;10
panel down light;10
pendant cable;140
pendant ceiling lampshade;0
pendant ceiling shade;30
pendant cluster light;110
pendant fitting ceiling rose;20
pendant flex ceiling light;20
pendant industrial lighting;40
pendant lamp light;20
pendant lamp shade;1600
pendant replacement shade;0
pendant wall lampshade;0
pendent lamp shade;40
pipe lighting;140
plastic interlocking patio tiles;20
plastic lamp shade;170
plug in light;1900
plug pendant light;0
plug wall light;140
pool table light;720
power supply;5400
power supply distribution box;20
power supply driver;20
power supply transformer;70
power supply triple output;0
power transformer;480
pretty table lamp;140
pull chain light;20
pulley pendant light;110
purple glass ceiling light;20
quick splice wire connectors;20
rattan ceiling pendant light;20
rattan globe light;20
rattan pendant ceiling light;20
recessed down light;30
recessed panel light;20
recessed spot light;90
recessed spotlight;320
red ceiling light;320
red white cable;90
regulated switching power supply;20
replacement lamp;20
replacing ceiling rose;10
resin bathroom accessories set;20
retro ceiling lampshade;0
retro flush ceiling light;10
retro pendant ceiling light;20
retro style wall light;0
reusable cable;20
rgb strip light;170
ribbed glass lampshade;70
rope hanging pendant light;10
rose gold ceiling rose;110
rose gold pendant light;110
rose gold wall light;20
round bulkhead light;320
round cable;20
round ceiling rose;20
round ceiling spotlight;20
round outdoor wall light;210
round panel light;40
rustic industrial wall light;0
rustic style ceiling light;0
salt lamp;9900
satin nickel ceiling rose;20
satin nickel wall light;20
scales for weight loss;70
sconce for living room;10
self seal mailer bags;20
semi flush ceiling light;1000
semi flush light;210
shabby chic wall clock;110
shade;4400
shade for table lamp;140
shade for wall light;20
shower curtain mildew resistant;320
side hole ceiling rose;20
sign back light;0
silver drum lampshade;10
silver metal ceiling light;20
silver metal pendant light;260
silver pendant shade;20
single outlet ceiling rose;20
small ceiling rose;390
small edison candle bulb;20
small globe light bulb;0
small wall light;260
smart ceiling light;720
smoked glass pendant light;590
smoked glass wall light;170
socket lamp holder;10
spiral light;210
square cage pendant light;20
square outdoor wall light;90
square panel light;20
squirrel cage light bulb;170
standard base light bulb;0
steampunk pipe table lamp;0
steampunk pipe wall light;0
steampunk wall light;110
steel conduit dome cover;0
steel conduit lighting;20
steel pipe table lamp;0
string garden light;0
strip light;2900
strip light transformer;170
suspended light;140
suspension lamp;20
swan neck wall light;210
swing arm wall light;390
switch line;20
switched lamp holder;260
t45 light bulb;10
table desk lamp;20
table lamp;27100
table lamp bulb holder;320
teardrop ceiling light;20
tiffany style table lamp;260
toilet brush soap dispenser;10
transformer;8100
triple ceiling pendant light;30
tube rope light;0
twisted cable;50
twisted electric cable;0
under cabinet lighting;8100
unisex light;0
vase lamp shade;10
vintage black ceiling light;10
vintage bulb;140
vintage bulb holder;20
vintage ceiling light;320
vintage ceiling rose;140
vintage copper pendant light;20
vintage crystal table lamp;10
vintage drum lampshade;0
vintage edison bulb;140
vintage edison light bulb;20
vintage electric cable;20
vintage farmhouse lamp;10
vintage farmhouse pendant light;10
vintage flush ceiling light;30
vintage glass lampshade;140
vintage globe bulb;20
vintage hanging ceiling light;20
vintage industrial ceiling rose;0
vintage industrial hanging light;20
vintage lamp holder;20
vintage lamp shade;590
vintage light bulb;320
vintage metal ceiling rose;0
vintage metal lamp;0
vintage metal wall light;0
vintage pendant ceiling light;0
vintage pendant lamp holder;20
vintage pipe wall light;0
vintage rattan lampshade;20
vintage retro ceiling light;20
vintage sconce wall light;20
vintage style bulb;0
vintage style ceiling light;20
vintage style lampshade;30
vintage style pendant light;20
vintage style wall light;20
vintage white chandelier;20
vintage wood pendant light;10
vintage wooden table lamp;10
wall and ceiling light;10
wall ceiling spotlight;10
wall clock for home;210
wall clock for kids;10
wall clocks vintage style;10
wall down light;90
wall mount lamp;90
wall mount light;140
wall mounted light;390
wall mounted pendant light;70
wall sconce lamp;880
wall sconce light;1000
wall sconce shade;170
wall sconces light;0
water pipe table lamp;20
water pipe wall lamp;10
water pipe wall light;20
waterproof driver;20
waterproof electrical cable;90
waterproof junction box;1900
waterproof outdoor wall light;20
waterproof power supply;50
way light;30
white bulb holder;20
white ceiling rose;110
white ceramic lamp holder;0
white colour cable;20
white lamp holder;20
white metal ceiling rose;20
white modern pendant light;10
white pendant cable;10
wicker ball pendant light;20
wicker rattan lampshade;50
wide shade;0
wire cage wall light;20
wire connector terminal block;20
wire lamp shade;30
wood ceiling rose;70
wooden base table lamp;90
wooden light;320
wooden tube pendant light;0
woven rattan pendant light;20
wrought iron chandelier;170
yellow ceiling rose;20
yellow flush ceiling light;20
zip lock clear bags;20
