url,http_status,page_title
https://ledsone.co.uk/collections/15,200,15%
https://ledsone.co.uk/collections/15-off-1,200,15% OFF- PROMO CODE-SAVESJ15 (ORDER OVER 300£)
https://ledsone.co.uk/collections/15-special-offer,200,15% Special OFFER
https://ledsone.co.uk/collections/16mm-systems,200,16mm Systems
https://ledsone.co.uk/collections/20-off,200,Latest Addition
https://ledsone.co.uk/collections/2026-mega-lighting-sale,200,2026 Mega Lighting Sale UK – Best Deals on Indoor & Outdoor Lights | Free Delivery Over £25
https://ledsone.co.uk/collections/20mm-system,200,20mm Systems
https://ledsone.co.uk/collections/2core-round,200,2 Core Fabric Lighting Cable
https://ledsone.co.uk/collections/2core-twisted,200,Twisted Fabric Braided Lighting Cables
https://ledsone.co.uk/collections/2m-twisted-cable-e27-base-pendant-holder,200,2m Twisted Cable E27 Base Pendant Holder
https://ledsone.co.uk/collections/3-bulb-pendant-light,200,3 bulb pendant light
https://ledsone.co.uk/collections/3-head-rectangle-or-round-ceiling-rose,200,Ceiling Rose
https://ledsone.co.uk/collections/30-off,200,30% OFF cc
https://ledsone.co.uk/collections/3core-round,200,3 core Round Fabric Braided Lighting Cables
https://ledsone.co.uk/collections/3core-twisted,200,3 Core Twisted Cable
https://ledsone.co.uk/collections/50-orders,200,50+orders
https://ledsone.co.uk/collections/accessories,200,Lighting Accessories Lowest Price
https://ledsone.co.uk/collections/all-ceiling-rose,200,Ceiling Rose Light Fittings
https://ledsone.co.uk/collections/all-products,200,Light Fittings | Lighting | Our Products
https://ledsone.co.uk/collections/all-products-1,200,All Products
https://ledsone.co.uk/collections/all-transformers,200,All transformers
https://ledsone.co.uk/collections/all_products,200,Best Lighting Store
https://ledsone.co.uk/collections/artificial-flower-pots,200,Artificial Flower Pots – Lifelike Home Decor
https://ledsone.co.uk/collections/autumn-lighting-trends,200,Autumn Lighting Trends
https://ledsone.co.uk/collections/b22-base-bulb,200,B22 Light Bulbs| Bayonet Bulbs
https://ledsone.co.uk/collections/b22-led-bulbs,200,B22 LED Bulbs
https://ledsone.co.uk/collections/bakelite-holders,200,Bakelite Holders
https://ledsone.co.uk/collections/bank-holiday-special-off,200,Bank holiday Special OFF
https://ledsone.co.uk/collections/bath-products,200,Best Vacuum Toilet Plunger
https://ledsone.co.uk/collections/bath-set,200,Luxury Bathroom Accessories
https://ledsone.co.uk/collections/bathroom-accessories,200,Bathroom Accessories
https://ledsone.co.uk/collections/batton-aluminium-lightings,200,Batton Aluminium lightings
https://ledsone.co.uk/collections/bedroom-lighting,200,Modern Bedroom Lighting
https://ledsone.co.uk/collections/belt,200,Genuine Leather Belts for Men | High Quality & Style
https://ledsone.co.uk/collections/best-deals,200,Best Deals
https://ledsone.co.uk/collections/best-deals-wall-light-indoor-outdoor,200,Wall Lights Sale UK | Best Deals on Indoor & Outdoor Lighting
https://ledsone.co.uk/collections/best-offers-products,200,BEST OFFERS
https://ledsone.co.uk/collections/best-products-24-s,200,Great Deals! Lighting Sale!
https://ledsone.co.uk/collections/best-seller,200,best seller
https://ledsone.co.uk/collections/best-sellers,200,Best Selling Lighting Fixtures & Decor
https://ledsone.co.uk/collections/best-selling-8,200,best selling-8
https://ledsone.co.uk/collections/best-selling-product-off,200,Best selling product off
https://ledsone.co.uk/collections/black-friday-50-off,200,Black Friday Lighting Deals | Black Friday Sales | 50%OFF
https://ledsone.co.uk/collections/black-friday-cable,200,Cable off
https://ledsone.co.uk/collections/black-friday-ceiling-flush-mount-light,200,Ceiling Flush Mount Light
https://ledsone.co.uk/collections/black-friday-ceiling-rose,200,Ceiling Rose Off
https://ledsone.co.uk/collections/black-friday-mega-sale,200,Black Friday Mega Sale
https://ledsone.co.uk/collections/black-friday-pendant-holder,200,PENDANT HOLDER
https://ledsone.co.uk/collections/black-friday-table-lamp,200,Table Lamp
https://ledsone.co.uk/collections/black-friday-wall-light,200,Wall Light
https://ledsone.co.uk/collections/black-friday-wall-light-1,200,Lamp Shade
https://ledsone.co.uk/collections/black-pipe-fittings-tubing,200,Black Pipe fittings & Tubing
https://ledsone.co.uk/collections/brushed-lighting,200,LEDSone Brass Lights
https://ledsone.co.uk/collections/bsell-06,200,BSELL-06
https://ledsone.co.uk/collections/bselltm,200,BSellTM
https://ledsone.co.uk/collections/bulbs,200,Energy Efficient Bulbs
https://ledsone.co.uk/collections/bundle-deals,200,Bundle Deals
https://ledsone.co.uk/collections/bundle-deals-1,200,Bundle Deals
https://ledsone.co.uk/collections/bundle-offer,200,BUNDLE OFFER
https://ledsone.co.uk/collections/bundle-offer-1,200,BUNDLE OFFERS
https://ledsone.co.uk/collections/buy-one-get-one-free-1-1,200,Best Selling Bulbs
https://ledsone.co.uk/collections/cable-promo-collections,200,CABLES - UP TO 40% OFF
https://ledsone.co.uk/collections/cable-tie,200,Cable Tie
https://ledsone.co.uk/collections/cafe-restaurants,200,Restaurant & Bar Lights
https://ledsone.co.uk/collections/cage-pendant-light,200,Caged Ceiling Pendant Lights
https://ledsone.co.uk/collections/catalog_lampshades,200,Light Shades
https://ledsone.co.uk/collections/catalog_others,200,Lights
https://ledsone.co.uk/collections/catalog_transformers,200,LED Drivers
https://ledsone.co.uk/collections/ceiling-flash-lights-off,200,Ceiling Flash Lights off
https://ledsone.co.uk/collections/ceiling-light-living-room,200,Ceiling Lights for Living Room
https://ledsone.co.uk/collections/ceiling-lighting,200,Ceiling Lighting Lightning Kits LEDSone UK
https://ledsone.co.uk/collections/ceiling-lights-for-bedroom-lights,200,Bedroom Ceiling Lights | Bedroom Light Fittings
https://ledsone.co.uk/collections/ceiling-lights-for-flash-lights,200,Ceiling Flush Lights
https://ledsone.co.uk/collections/ceiling-lights-for-kitchen-lights,200,Kitchen Light Fittings
https://ledsone.co.uk/collections/ceiling-lights-for-office-lights,200,Office Lighting
https://ledsone.co.uk/collections/ceiling-lights-for-panel-lights,200,LED Ceiling Panel Lights
https://ledsone.co.uk/collections/ceiling-pipe-lights,200,Pipe Ceiling Lamps
https://ledsone.co.uk/collections/ceiling-rose-brackets,200,Ceiling Rose Strap Brackets Light Fitting Accessories
https://ledsone.co.uk/collections/ceiling-rose-fittings,200,Ceiling Rose & Fittings - Quality Lighting Accessories
https://ledsone.co.uk/collections/ceiling-roses,200,Multi Outlet Drop Pendant Metal Ceiling Roses
https://ledsone.co.uk/collections/ceiling-spotlights,200,Ceiling Spotlights
https://ledsone.co.uk/collections/ceilingrose-hook-plate,200,Ceilingrose hook plate
https://ledsone.co.uk/collections/celing-rosre-b,200,MICRO-CEILING ROSE-SINGLE OUTLET
https://ledsone.co.uk/collections/ceramic-and-backlight-holders,200,Ceramic and Bakelight Holders off
https://ledsone.co.uk/collections/ceramic-holders,200,Ceramic Holders Bulb Holders LEDSone UK Ceramic Holders
https://ledsone.co.uk/collections/chandelier,200,Modern Crystal Chandeliers
https://ledsone.co.uk/collections/chandelier-collection,200,Chandelier collection
https://ledsone.co.uk/collections/chandelier-type-ceiling-lights,200,Crystal Ceiling Lights
https://ledsone.co.uk/collections/chandeliers-lighting,200,Chandeliers -Hanging Ceiling Light
https://ledsone.co.uk/collections/clear-bag,200,Clear Plastic Bag
https://ledsone.co.uk/collections/clearance-last-chance-deals,200,Clearance & Last Chance Deals
https://ledsone.co.uk/collections/clocks,200,Big Modern Lounge Wall Clocks | Huge Clocks For Walls
https://ledsone.co.uk/collections/commercial-lighting-for-restaurants-uk,200,Commercial Lighting For Restaurants UK
https://ledsone.co.uk/collections/common-offer-collection,200,Biggest offer collection
https://ledsone.co.uk/collections/conduit-3-4-inch-system,200,3/4 inch System
https://ledsone.co.uk/collections/conduit-accessories,200,Conduit Accessories
https://ledsone.co.uk/collections/conduit-lamp-holder,200,Conduit Lamp Holder
https://ledsone.co.uk/collections/conduit-lid-14mm-people-also-bought,200,Conduit Lid 14mm People Also Bought
https://ledsone.co.uk/collections/conduit-lighting,200,Conduit Lighting Set
https://ledsone.co.uk/collections/conduit-lighting-accessories,200,Conduit Lighting Accessories
https://ledsone.co.uk/collections/conduit-lightings,200,Conduit Lighting
https://ledsone.co.uk/collections/conduit-pipe,200,Conduit Pipe
https://ledsone.co.uk/collections/conduit-wall-lights-industrial-pipe-wall-sconces,200,Conduit Wall Lights | Industrial Pipe Wall Sconces
https://ledsone.co.uk/collections/config-single-pendant,200,Config Single pendant
https://ledsone.co.uk/collections/config-sp-cable,200,Config SP Cable
https://ledsone.co.uk/collections/config-sp-ceiling-rose,200,Config SP Ceiling Rose
https://ledsone.co.uk/collections/config-sp-holder,200,Config SP Holder
https://ledsone.co.uk/collections/config-sp-lamp-shade,200,Config SP Lamp Shade
https://ledsone.co.uk/collections/config-table-lamp,200,Config Table Lamp
https://ledsone.co.uk/collections/config-tl-cabel,200,Config TL Cabel
https://ledsone.co.uk/collections/config-tl-ceiling-rose,200,Config TL Ceiling Rose
https://ledsone.co.uk/collections/config-tl-holder,200,Config TL Holder
https://ledsone.co.uk/collections/config-tl-plug,200,Config TL Plug
https://ledsone.co.uk/collections/config-tl-shade,200,Config TL Shade
https://ledsone.co.uk/collections/config-wall-lamp,200,Config Wall Lamp
https://ledsone.co.uk/collections/config-wl-ceiling-rose,200,Config WL Ceiling Rose
https://ledsone.co.uk/collections/config-wl-lamp-shade,200,Config WL Lamp Shade
https://ledsone.co.uk/collections/config-wl-wall-arm,200,Config WL Wall Arm
https://ledsone.co.uk/collections/constant-current-transformer,200,Constant Current Transformer
https://ledsone.co.uk/collections/constant-voltage-transformer,200,Constant Voltage Transformer
https://ledsone.co.uk/collections/cool-white,200,Cool White
https://ledsone.co.uk/collections/cord-grip-and-hanging-chains,200,Hanging Chains for Lights & Plants | Durable Finishes UK
https://ledsone.co.uk/collections/country-house,200,Country House
https://ledsone.co.uk/collections/cyber-monday-mega-sale,200,Cyber Monday Mega Sale
https://ledsone.co.uk/collections/dc-12v-driver,200,240V To 12V Converter
https://ledsone.co.uk/collections/dc-12v-led-driver,200,DC 12V LED Driver
https://ledsone.co.uk/collections/dc-12v-transformer,200,DC 12V Transformer
https://ledsone.co.uk/collections/dc-24v-transformer,200,24V DC Transformer
https://ledsone.co.uk/collections/dc-5v-transformer,200,DC 5V Transformer
https://ledsone.co.uk/collections/decking-tiles,200,Decking Tiles
https://ledsone.co.uk/collections/decorative-lighting-cable,200,decorative lighting cable
https://ledsone.co.uk/collections/decorative-lights,200,Decorative Lights
https://ledsone.co.uk/collections/designer-lighting-collection,200,Designer Lighting Collection
https://ledsone.co.uk/collections/dimmable-led-bulbs,200,Dimmable LED Bulbs
https://ledsone.co.uk/collections/diy-lighting,200,DIY Lighting
https://ledsone.co.uk/collections/diy-lighting-new,200,DIY Lighting New
https://ledsone.co.uk/collections/diy-tools,200,DIY Lights parts
https://ledsone.co.uk/collections/door-mat,200,Outdoor & Indoor Mats | Door Mats
https://ledsone.co.uk/collections/drivers-module,200,Drivers_Module
https://ledsone.co.uk/collections/e14-base-bulb,200,E14 Candle Bulbs | LED Small Screw Bulbs for Home Lighting
https://ledsone.co.uk/collections/e14-bulb-holder,200,E14 Bulb Holder
https://ledsone.co.uk/collections/e14-candle-bulb,200,E14 Candle Bulb
https://ledsone.co.uk/collections/e27-b22-globe-bulb,200,E27 & B22 Globe Bulb
https://ledsone.co.uk/collections/e27-base-bulb,200,E27 Bulb Buy Online
https://ledsone.co.uk/collections/e27-led-bulbs,200,E27 LED Bulbs
https://ledsone.co.uk/collections/easy-fit-lamp-shades,200,Vintage Easy Fit Lamp Shades
https://ledsone.co.uk/collections/easy-fit-lamp-shades-cages,200,Lampshade For Hanging Light
https://ledsone.co.uk/collections/easy-fit-metal-shade,200,Ceiling Lamp Shades UK
https://ledsone.co.uk/collections/easy-fit-shades,200,"Easy Fit Lamp Shades & Cages | No Wiring, Stylish Upgrade"
https://ledsone.co.uk/collections/easy-fit-wire-cage,200,Easy Fit Wire Cage-No wiring required
https://ledsone.co.uk/collections/electric-cable,200,Vintage Fabric Lighting Cable | CE Certified Electric Flex UK
https://ledsone.co.uk/collections/electrical-cable-connectors,200,Electrical Cable Connectors
https://ledsone.co.uk/collections/electrical-cables-wires,200,Electrical Cables & Wires
https://ledsone.co.uk/collections/electrical-lighting,200,Electrical & Lighting
https://ledsone.co.uk/collections/electrical-tape-one,200,Electrical Tape one
https://ledsone.co.uk/collections/electrician-essential-products-uk,200,Electrician Essential Products UK
https://ledsone.co.uk/collections/elegant-collectives,200,Elegant Collectives
https://ledsone.co.uk/collections/energy-efficient-lighting,200,Energy-Efficient Lighting & Light Fittings
https://ledsone.co.uk/collections/energy-efficient-lighting-collection-modern,200,Power Connector & Transformers
https://ledsone.co.uk/collections/energy-saving-led-light-bulbs,200,Energy-Saving LED Light Bulbs Long-Lasting Light
https://ledsone.co.uk/collections/exclusive-new-trend,200,New Industrial Lighting Trends 2026 - Premium Fixtures
https://ledsone.co.uk/collections/exclusive-seasonal-deals,200,Exclusive Seasonal Deals
https://ledsone.co.uk/collections/fabric-lighting-cable,200,fabric lighting cable
https://ledsone.co.uk/collections/fast-moving,200,fast moving
https://ledsone.co.uk/collections/fast-moving-2,200,fast moving 2
https://ledsone.co.uk/collections/fast-moving-product,200,Fast Moving product UK compere other online marketing Best price available
https://ledsone.co.uk/collections/fast-slow,200,Fast & Slow
https://ledsone.co.uk/collections/files,200,Files
https://ledsone.co.uk/collections/fitting-items,200,Buy Tile Leveling Kits & Tools Online | UK Supplier
https://ledsone.co.uk/collections/flash-sale-up-to-70-off,200,Flash Sale! Up to 70% OFF
https://ledsone.co.uk/collections/flash-sale-up-to-70-off-1,200,Flash Sale! Up to 70% OFF
https://ledsone.co.uk/collections/flash-sales-24,200,Flash Sales 24
https://ledsone.co.uk/collections/foot-wear,200,"Best Slippers, Wellies & Poolside Shoes | Footwear Locker UK"
https://ledsone.co.uk/collections/free-uk-shipping,200,Free UK Shipping
https://ledsone.co.uk/collections/gift-bags,200,Gift Bags
https://ledsone.co.uk/collections/glass-lamp-shades,200,Glass Lamp Shades
https://ledsone.co.uk/collections/glass-lights-for-cafe-restaurant,200,Restaurent Cafe Bar Lighting
https://ledsone.co.uk/collections/glass-pendant-lights,200,Glass Pendant lighting
https://ledsone.co.uk/collections/glass-shade-lighting,200,Glass Shade Lighting
https://ledsone.co.uk/collections/glass-wall-lights,200,Modern glass wall lights uk
https://ledsone.co.uk/collections/glow-mode-on-1,200,"Glow Mode On Stylish Lighting | Ceiling, Pendant & Wall Lights"
https://ledsone.co.uk/collections/glow-up-collection,200,Modern & Vintage Glow Up Lighting Collection
https://ledsone.co.uk/collections/google-ads,200,google ads
https://ledsone.co.uk/collections/green-day-lighting,200,Green Day Lighting
https://ledsone.co.uk/collections/halloween-sale,200,Halloween Sale - Spooky Lighting Deals & Discounts
https://ledsone.co.uk/collections/halloween-specials-2025,200,Halloween Specials 2025
https://ledsone.co.uk/collections/handles,200,Kitchen Cabinet Handles & Drawer Knobs
https://ledsone.co.uk/collections/hemp-collection,200,Hemp Collection
https://ledsone.co.uk/collections/hemp-lights-for-kitchen-lights,200,Hemp Lights For Kitchen Lights
https://ledsone.co.uk/collections/hemp-rope-lighting,200,Rope Pendant Lights & Ceiling Lights UK
https://ledsone.co.uk/collections/hemp-rope-lighting-deals,200,Hemp Rope Lighting Deals
https://ledsone.co.uk/collections/hemp-rope-lights-any-rooms-offer,200,Hemp Rope Lights Any Rooms offer
https://ledsone.co.uk/collections/hemp-rope-lights-for-cafe-restaurant,200,Hanging Rope Light
https://ledsone.co.uk/collections/hete-verkoop,200,hete verkoop
https://ledsone.co.uk/collections/holder,200,"Lamp Holders & Bulb Holders | E27, B22 & E14 Sockets"
https://ledsone.co.uk/collections/holder-1,200,Lamp Holder
https://ledsone.co.uk/collections/home-and-garden,200,decorative accessories for home
https://ledsone.co.uk/collections/home-garden,200,SJ Home & Garden Collection
https://ledsone.co.uk/collections/home-improvement-products,200,home improvement products
https://ledsone.co.uk/collections/home-lighting,200,Fabric Lighting Cable
https://ledsone.co.uk/collections/home-lighting-collection,200,Home Lighting Collection | Stylish Lights Online
https://ledsone.co.uk/collections/home-lighting-sale-uk,200,Affordable Home Lighting UK – Stylish
https://ledsone.co.uk/collections/home-office-lighting,200,Home Office Lighting
https://ledsone.co.uk/collections/hooks-and-rings,200,Ceiling Hooks for Pendant Lights & Accessories
https://ledsone.co.uk/collections/hot-picks,200,Best-Selling Lighting & Accessories
https://ledsone.co.uk/collections/hot-selling-products,200,Hot Selling Products
https://ledsone.co.uk/collections/illuminate-your-space-the-ultimate-light-collection,200,Illuminate Your Space
https://ledsone.co.uk/collections/incandescent-bulbs,200,Decorative Incandescent Light Bulbs
https://ledsone.co.uk/collections/indoor-led-lights,200,Indoor LED Lights
https://ledsone.co.uk/collections/indoor-lighting,200,Indoor Lighting Interior Lighting
https://ledsone.co.uk/collections/indoor-wall-lamps,200,Indoor Wall Lighst & Wall sconces | Modern & Vintage Lightings
https://ledsone.co.uk/collections/industrial,200,Industrial
https://ledsone.co.uk/collections/industrial-lighting,200,Industrial Lighting Collection - Premium Fixtures
https://ledsone.co.uk/collections/industrial-lighting-collection,200,"Industrial Lighting UK – Pendants, Wall & Ceiling Lights"
https://ledsone.co.uk/collections/industrial-vintage-lighting,200,Industrial & Vintage Lighting
https://ledsone.co.uk/collections/ip-20-transformers,200,IP 20 Transformers
https://ledsone.co.uk/collections/ip-45-transformers,200,IP 45 Transformers
https://ledsone.co.uk/collections/ip20-led-power-supplies,200,IP20 LED Power Supplies
https://ledsone.co.uk/collections/ip20-led-power-supplies-1,200,IP20 LED Power Supplies
https://ledsone.co.uk/collections/ip45-rainproof-led-drivers,200,IP45 Rainproof LED Drivers
https://ledsone.co.uk/collections/ip67-waterproof-led-drivers,200,IP67 Waterproof LED Drivers
https://ledsone.co.uk/collections/jbh15offanyroom,200,JBH15OFFANYROOM
https://ledsone.co.uk/collections/junction-box,200,Junction Box & Cable Connectors
https://ledsone.co.uk/collections/kitchen-items,200,Best Kitchen Gadgets UK | Must-Have Cooking Tools
https://ledsone.co.uk/collections/kitchen-lighting,200,Modern Kitchen Lighting Over The Island
https://ledsone.co.uk/collections/kitchen-lights-for-over-table,200,Best Kitchen Island Pendant Lights 2025
https://ledsone.co.uk/collections/labors-day,200,LABORS DAY
https://ledsone.co.uk/collections/lamp-spare-parts-sales,200,Lamp Spare Parts | Pipe light and DIY accessories
https://ledsone.co.uk/collections/lamp-spares,200,Lamp Spares
https://ledsone.co.uk/collections/lamp-spares-1,200,Lamp Spares
https://ledsone.co.uk/collections/lampes-1,200,Trending Zone
https://ledsone.co.uk/collections/lampshade-e27-b22,200,Lampshade E27 B22
https://ledsone.co.uk/collections/lampshade-easy-to-fit,200,Lampshade Easy To Fit
https://ledsone.co.uk/collections/lampshades,200,Lamp Shades | Light Shades
https://ledsone.co.uk/collections/latest-pendent-shade,200,Latest pendant shade
https://ledsone.co.uk/collections/latest-product,200,Latest Product
https://ledsone.co.uk/collections/laundry-bags,200,Large Laundry bags | Heavy Duty Laundry bags
https://ledsone.co.uk/collections/led-bulbs,200,"LED Bulbs E27, E14, B22 & G9 | Energy Saving Lights UK"
https://ledsone.co.uk/collections/led-bulbs-off,200,LED Bulbs Off
https://ledsone.co.uk/collections/led-driver-transformer,200,Led Driver Transformer
https://ledsone.co.uk/collections/led-drivers-led-modules,200,High-Performance LED Drivers & Modules for Signage
https://ledsone.co.uk/collections/led-lighting,200,LED Lighting|LED Modules and Panels
https://ledsone.co.uk/collections/led-lightings,200,LED Lightings
https://ledsone.co.uk/collections/led-modules,200,Led Modules
https://ledsone.co.uk/collections/led-modules-transformers,200,LED modules Transformers
https://ledsone.co.uk/collections/led-panels,200,Affordable LED Panel Lights
https://ledsone.co.uk/collections/led-pixel-lights-and-accessory,200,Led Pixel Lights And Accessory
https://ledsone.co.uk/collections/led-transformers,200,LED Transformers & Drivers | Power Supplies UK
https://ledsone.co.uk/collections/light-up-your-bank-holiday-special-offers,200,Light Up Your Bank Holiday – Special Offers!
https://ledsone.co.uk/collections/lighting-accessories,200,Lighting Accessories
https://ledsone.co.uk/collections/lighting-collection,200,Complete Industrial Lighting & Installation Fittings | LEDS ONE
https://ledsone.co.uk/collections/lighting-kit-parts,200,Desire Collection
https://ledsone.co.uk/collections/lighting-products,200,"LED Pendant Lights, Wall Lights & Chandeliers"
https://ledsone.co.uk/collections/lighting-set,200,Vintage Lightning Lampshades | Pendant Lights
https://ledsone.co.uk/collections/lighting-shades,200,Lighting Shades
https://ledsone.co.uk/collections/lighting-trends-2026,200,Latest Lighting Trends for 2026-LED Sone
https://ledsone.co.uk/collections/lighting-trends-inspiration,200,Lighting Trends & Decorative Lights | 2025
https://ledsone.co.uk/collections/lights-parts,200,Lights & Parts
https://ledsone.co.uk/collections/limited-time-lighting-sale,200,Limited Time Lighting Sale
https://ledsone.co.uk/collections/limited-time-up-to-50-off,200,Limited Time! Up to 50% OFF
https://ledsone.co.uk/collections/living-or-dining-room-lighting,200,Indoor Lights | Living Room Lighting | Interior Lighting Design
https://ledsone.co.uk/collections/living-room-lighting,200,Pendant Light Kitchen Island
https://ledsone.co.uk/collections/low-wattage-bulbs,200,Low Wattage Bulbs
https://ledsone.co.uk/collections/loyalty-offers,200,Loyalty Offers
https://ledsone.co.uk/collections/luminous-deals,200,Lighting Deals & Discounts | Luminous Deals
https://ledsone.co.uk/collections/luminous-deals-glow-up-your-savings,200,Luminous Deals: Glow Up Your Savings
https://ledsone.co.uk/collections/luxury-lighting-collection,200,Luxury Lighting Collection | Affordable Prices
https://ledsone.co.uk/collections/mail-bags,200,Mail Bags | Postage Bags
https://ledsone.co.uk/collections/masonry-screws-anchors,200,Masonry Screws & Anchors | Heavy-Duty Fixings
https://ledsone.co.uk/collections/metal-holders,200,E27/B22 Bulb Holder & Lamp Holder
https://ledsone.co.uk/collections/micro-3core-twisted,200,MICRO-3CORE-TWISTED
https://ledsone.co.uk/collections/micro-cables,200,MICRO-2CORE TWISTED
https://ledsone.co.uk/collections/micro-ceiling-rose-multy-outlet,200,MICRO-CEILING ROSE-MULTY- OUTLET
https://ledsone.co.uk/collections/modern-classic-home,200,Modern & Classic Home
https://ledsone.co.uk/collections/modern-energy-efficient-pendant-ceiling-wall-lighting-uk,200,Modern Energy Efficient Pendant Ceiling Wall Lighting UK
https://ledsone.co.uk/collections/modern-home-lights,200,Modern Home Lights
https://ledsone.co.uk/collections/modern-lighting,200,Modern Contemporary Lighting
https://ledsone.co.uk/collections/modern-lighting-fixtures,200,Modern Lighting Fixtures
https://ledsone.co.uk/collections/modern-lighting-off,200,Modern Lighting off
https://ledsone.co.uk/collections/modern-lights,200,Modern Lights
https://ledsone.co.uk/collections/modern-radiant-lighting,200,Modern & Radiant Lighting
https://ledsone.co.uk/collections/modern-shine-lighting,200,Modern Shine Lighting
https://ledsone.co.uk/collections/modern-stylish-lights-for-every-room,200,Modern & Stylish Lights for Every Room
https://ledsone.co.uk/collections/morandi-pendant-light,200,Morandi Pendant light
https://ledsone.co.uk/collections/most-popular-this-week,200,Most popular of the day
https://ledsone.co.uk/collections/most-popular-trending-products,200,Most Popular & Trending Products
https://ledsone.co.uk/collections/multi-outlet-lighting,200,Hallway Lights
https://ledsone.co.uk/collections/multi-outlet-lighting-deals,200,Multi Outlet Lighting Deals
https://ledsone.co.uk/collections/neon-flex,200,Neon Flex Accessories
https://ledsone.co.uk/collections/new-arrivals,200,SALE UK | Lamp Shade | Bulb Holders
https://ledsone.co.uk/collections/new-c-p,200,New C-P
https://ledsone.co.uk/collections/new-collection,200,New products
https://ledsone.co.uk/collections/new-collections-satin-nickel,200,New Collections
https://ledsone.co.uk/collections/new-led-bulb,200,NEW LED BULB
https://ledsone.co.uk/collections/new-offer-sale,200,New Offer Sale
https://ledsone.co.uk/collections/new-product-20,200,New Product 20
https://ledsone.co.uk/collections/new-product-off,200,New product off
https://ledsone.co.uk/collections/new-products,200,New Products
https://ledsone.co.uk/collections/new-transformer-optimize,200,Variations
https://ledsone.co.uk/collections/new-year-deals-2026,200,New Year Deals 2026
https://ledsone.co.uk/collections/new-year-sale,200,New Year Sale*
https://ledsone.co.uk/collections/ninc-products,200,Seasonal Flashback
https://ledsone.co.uk/collections/non-dimmable-led-bulbs,200,LED Bulbs | Non-Dimmable Lighting UK
https://ledsone.co.uk/collections/offer-deals,200,Offer Deals
https://ledsone.co.uk/collections/office-items,200,Waterproof Folders & Document Bags | Ultimate Guide
https://ledsone.co.uk/collections/office-lighting,200,Office Lighting
https://ledsone.co.uk/collections/outdoor-lights-with-sensor,200,Outdoor lights with sensor
https://ledsone.co.uk/collections/outdoor-wall-lights,200,Outdoor Wall Light |external lights for house|outside lights
https://ledsone.co.uk/collections/pack-deal,200,Pack Deal
https://ledsone.co.uk/collections/pack-products,200,Pack products
https://ledsone.co.uk/collections/packing-items,200,High Quality Packaging Accessories & Packing items
https://ledsone.co.uk/collections/patten-shade-lighting,200,Patten Shade Lighting
https://ledsone.co.uk/collections/pattern-shade,200,Pattern Shade
https://ledsone.co.uk/collections/pendant-holder,200,Pendant Holder| Pendant Light Fitting
https://ledsone.co.uk/collections/pendant-holder-order,200,pendant Holder order
https://ledsone.co.uk/collections/pendant-light-buy-2-get-10-off,200,Pendant Light Buy 2 Get 10% OFF
https://ledsone.co.uk/collections/pendant-light-with-switch-on-cord,200,Pendant Light With Switch On Cord
https://ledsone.co.uk/collections/pendant-lights,200,Latest 2026 Pendant Lights & Hangable lights
https://ledsone.co.uk/collections/pendant-lightss,200,pendant lightss
https://ledsone.co.uk/collections/pendent_light_one,200,pendent_light_one
https://ledsone.co.uk/collections/performance-max-pipe-fitting,200,Performance Max-Pipe Fitting
https://ledsone.co.uk/collections/ph-bulbs,200,PH BULBS
https://ledsone.co.uk/collections/ph-products,200,Industrial Lighting
https://ledsone.co.uk/collections/pipe,200,Pipe
https://ledsone.co.uk/collections/pipe-accessories-off,200,Pipe Fittings & Accessories | UP TO 50% OFF
https://ledsone.co.uk/collections/pipe-fitting-accessories-best-off,200,Pipe Fitting Accessories
https://ledsone.co.uk/collections/pipe-light-sales,200,Pipe Lights Sales
https://ledsone.co.uk/collections/pipe-lighting,200,"Industrial Pipe Lights | Steampunk Wall, Ceiling & Desk Lamps"
https://ledsone.co.uk/collections/pipe-lighting-accessories,200,Pipe Light Fittings Accessories
https://ledsone.co.uk/collections/pipe-lights-for-cafe-restaurant,200,Pipe Lights For Cafe & Restaurant
https://ledsone.co.uk/collections/pipe-lights-for-kitchen-lights,200,Pipe Lights For Kitchen Lights
https://ledsone.co.uk/collections/plug-in-hanging-light,200,Plug in Hanging Light
https://ledsone.co.uk/collections/plug-in-lighting-offer,200,Plug in lighting offer
https://ledsone.co.uk/collections/plug-in-pendant-light,200,Plug-in Hanging Lights & Plug-in Pendant Lights
https://ledsone.co.uk/collections/plug-in-wall-light,200,Plug in Wall Light | wall plug in light |wall light sconces plug in
https://ledsone.co.uk/collections/plugin-lighting,200,Plug-in Lights For Wall & Pendant Styles
https://ledsone.co.uk/collections/pool-table-lights,200,Pool Table Lights
https://ledsone.co.uk/collections/power-adapter-with-neon-flex-sales,200,Power Adapter with Neon Flex Sales
https://ledsone.co.uk/collections/power-adapters,200,Power Supply Adapters Transformer
https://ledsone.co.uk/collections/power-converter,200,Power Converter
https://ledsone.co.uk/collections/power-supply,200,Power Supply
https://ledsone.co.uk/collections/pre-black-friday-deals,200,Pre-Black Friday LED Lighting Deals 2025 - Up to 40% Off
https://ledsone.co.uk/collections/premium-lighting,200,Premium LED Lighting & Vintage Fixtures UK
https://ledsone.co.uk/collections/premium-lighting-products,200,Premium Lighting Products
https://ledsone.co.uk/collections/premium-wall-lights-collection-uk,200,Premium Wall Lights UK - Modern & Vintage Wall Lighting Fixtures
https://ledsone.co.uk/collections/promotion,200,New Year Offers Await!
https://ledsone.co.uk/collections/promotion-new-products-collection,200,Promotion New Products Collection
https://ledsone.co.uk/collections/promotions,200,PROMOTIONS
https://ledsone.co.uk/collections/pulley-wheel-pendant-light,200,Pulley Wheel Pendant Light
https://ledsone.co.uk/collections/radiant-illumination,200,Radiant Illumination
https://ledsone.co.uk/collections/rattan-lamp,200,Rattan Lamp Lighting
https://ledsone.co.uk/collections/recommended-products-seguno,200,Recommended products (Seguno)
https://ledsone.co.uk/collections/refurbished-products,200,Refurbished Products
https://ledsone.co.uk/collections/retro-vintage-pendant-collection,200,Retro & Vintage Pendant Collection
https://ledsone.co.uk/collections/rose-gold-lighting,200,Rose Gold Ceiling Light
https://ledsone.co.uk/collections/sale,200,Sale
https://ledsone.co.uk/collections/sales,200,Sales
https://ledsone.co.uk/collections/sand-papers,200,Sand Papers
https://ledsone.co.uk/collections/save-big-at-our-clearance-event,200,Save Big at Our Clearance Event!
https://ledsone.co.uk/collections/save-big-for-a-limited-time-up-to-50-off,200,Limited Time! Up to 50% OFF
https://ledsone.co.uk/collections/seasonal-clearance,200,Seasonal Clearance
https://ledsone.co.uk/collections/seasonal-clearance-1,200,Seasonal Clearance
https://ledsone.co.uk/collections/seasonal-promotion-limited-time,200,Bank Holiday - Sale Event
https://ledsone.co.uk/collections/selected-2025,200,Black Friday Sales 2025
https://ledsone.co.uk/collections/semi-flush-lighting,200,Semi Flush Lighting
https://ledsone.co.uk/collections/shade-pendant-light,200,Shade Pendant light
https://ledsone.co.uk/collections/shade-ring,200,Shade Ring
https://ledsone.co.uk/collections/shining-radiance,200,Shining Radiance
https://ledsone.co.uk/collections/shop-lighting,200,Shop Lighting
https://ledsone.co.uk/collections/shoptimize-01,200,Shoptimize New 01
https://ledsone.co.uk/collections/shower-curtain,200,Waterproof Shower Curtain UK
https://ledsone.co.uk/collections/single-outlet-ceiling-rose,200,Ceiling Roses | Ceiling Rose Light Fitting
https://ledsone.co.uk/collections/single-pendant-light,200,single pendant light
https://ledsone.co.uk/collections/slim-transfomers,200,Slim Transformers
https://ledsone.co.uk/collections/slow-move,200,Great Deals | Lighting Sale
https://ledsone.co.uk/collections/slow-moving,200,Slow Moving
https://ledsone.co.uk/collections/small-lighting-parts,200,Small lighting parts
https://ledsone.co.uk/collections/spider-light,200,Spider Light hanging pendant
https://ledsone.co.uk/collections/spider-light-accessories,200,Spider Light Accessories
https://ledsone.co.uk/collections/spider-lights-for-cafe-restaurant,200,Spider Pendant Light
https://ledsone.co.uk/collections/spider-top,200,Spider Top
https://ledsone.co.uk/collections/sports-accessories,200,Boxing Stand with Gloves Kids
https://ledsone.co.uk/collections/steampunk-wall-lights,200,Steampunk Wall Lights
https://ledsone.co.uk/collections/storage-bags,200,Wardrobe Organizer | Cloth Storage
https://ledsone.co.uk/collections/stylish-bedroom-lights-uk,200,Stylish Bedroom Lights UK
https://ledsone.co.uk/collections/stylish-lighting,200,Stylish Lighting
https://ledsone.co.uk/collections/stylish-lighting-fixtures,200,Stylish Lighting Fixtures
https://ledsone.co.uk/collections/stylish-lights,200,Stylish Lights
https://ledsone.co.uk/collections/summer-bank-holiday,200,Summer Bank Holiday
https://ledsone.co.uk/collections/summer-sale,200,SUMMER SALE
https://ledsone.co.uk/collections/super-deal,200,Super Deal
https://ledsone.co.uk/collections/swan-neck-wall-lights,200,Swan Neck Wall Lights
https://ledsone.co.uk/collections/switch,200,Switch
https://ledsone.co.uk/collections/switch-wall-light,200,Switch Wall Light
https://ledsone.co.uk/collections/switch-with-accessories,200,Switch with Accessories
https://ledsone.co.uk/collections/switches,200,Wall Light Switch | Fireproof | 2-Way Switches
https://ledsone.co.uk/collections/switches-and-sockets,200,Switches and Sockets
https://ledsone.co.uk/collections/switches-sockets-sales,200,Switches & sockets Buy
https://ledsone.co.uk/collections/table-lamps,200,Table Lamps
https://ledsone.co.uk/collections/tapes,200,Top Tapes for Home & Office | Easy & Mess-Free
https://ledsone.co.uk/collections/test-fr,200,test fr
https://ledsone.co.uk/collections/test-pipe-light-accessories,200,Test Pipe Light Accessories
https://ledsone.co.uk/collections/test-pipe-light-accessories-1,200,Test Pipe Light Accessories
https://ledsone.co.uk/collections/threaded-rod,200,Threaded Rod
https://ledsone.co.uk/collections/three-outlet-lighting,200,3 Pendant Ceiling Light | Three Outlet Lighting
https://ledsone.co.uk/collections/tiffany-pendant-lights,200,Tiffany Pendant Lights
https://ledsone.co.uk/collections/top-accessories,200,Top Accessories | Collection of Essential Gear
https://ledsone.co.uk/collections/top-ceiling-lights-fixtures-pendant-lighting,200,Ceiling Lights & Fixtures | Pendant Lighting
https://ledsone.co.uk/collections/top-deals,200,Top Deals - Transformer
https://ledsone.co.uk/collections/top-picks,200,Top Picks
https://ledsone.co.uk/collections/top-products,200,Top Products
https://ledsone.co.uk/collections/top-sell-2021,200,Our Top Selling
https://ledsone.co.uk/collections/top-sell-ads,200,TOP Sell ads
https://ledsone.co.uk/collections/top-sellers-best-industrial-lighting,200,Top 20% Best Selling Industrial Lighting UK 2026
https://ledsone.co.uk/collections/top-selling-bulbs,200,Top Selling ~ Bulbs
https://ledsone.co.uk/collections/top-selling-lighting-product,200,Top-Selling Lighting Product
https://ledsone.co.uk/collections/top-selling-pendant-lights,200,Top Selling ~ Pendant Lights
https://ledsone.co.uk/collections/top-selling-pendant-lights-collection,200,Top Selling Pendant Lights
https://ledsone.co.uk/collections/top-selling-shade,200,Top Selling ~ Shade
https://ledsone.co.uk/collections/top-selling-transformers,200,Top Selling~Transformers
https://ledsone.co.uk/collections/top-trending-this-week,200,TOP TRENDING THIS WEEK
https://ledsone.co.uk/collections/transfo,200,MICRO-TRANSFO
https://ledsone.co.uk/collections/transformer-4490,200,Transformer ~ 4490
https://ledsone.co.uk/collections/transformers,200,Transformers
https://ledsone.co.uk/collections/transformers-led-bulbs-collection,200,Transformers & LED Bulbs Collection
https://ledsone.co.uk/collections/trendy-stylish-lighting,200,Trendy Stylish Lighting
https://ledsone.co.uk/collections/twin-wall-light,200,Twin Wall Light
https://ledsone.co.uk/collections/under-25,200,MOST AFFORDABLE PRICES ON SALE ..!
https://ledsone.co.uk/collections/up-to-30-off,200,Up to 30% OFF
https://ledsone.co.uk/collections/value-light,200,Value Light
https://ledsone.co.uk/collections/vendor-products-batch-3,200,Vendor Products Transformer Batch 3
https://ledsone.co.uk/collections/vendor-products-bulb-batch-3,200,Vendor Products Bulb Batch 3
https://ledsone.co.uk/collections/vendor-products-cable-batch-3,200,Iron & Ember Collection
https://ledsone.co.uk/collections/vendor-products-ceiling-rose-fitting-batch-3,200,Buy Ceiling Roses with Easy Installation
https://ledsone.co.uk/collections/vendor-products-shade-batch-3,200,Lamp Shades
https://ledsone.co.uk/collections/vendor-products-table-light-batch-3,200,Vendor Products Table Light Batch 3
https://ledsone.co.uk/collections/vendor-products-wall-light-batch-3,200,Modern Wall Lights Indoor
https://ledsone.co.uk/collections/vintage-bulbs,200,"Vintage LED Light Bulbs | E27, B22 & E14 Edison Bulbs"
https://ledsone.co.uk/collections/vintage-bulbs-4w,200,Vintage bulbs 4W
https://ledsone.co.uk/collections/vintage-cables,200,Fabric Cable | Fabric Electrical Cable UK
https://ledsone.co.uk/collections/vintage-cables-off,200,Vintage Cables Offer
https://ledsone.co.uk/collections/vintage-fabric-cables,200,Lighting Cable | Electrical Cable
https://ledsone.co.uk/collections/vintage-fitting-best-offer,200,Vintage Fitting Best Offer
https://ledsone.co.uk/collections/vintage-fittings-for-pendant-lights,200,Vintage Pendant Light Fixture
https://ledsone.co.uk/collections/vintage-lighting,200,Vintage Lighting | Retro Lighting and Retro Lights
https://ledsone.co.uk/collections/vintage-lights-for-kitchen-lights,200,Vintage Lights For Kitchen Lights
https://ledsone.co.uk/collections/wall-lamp-collection-at-affordable-prices,200,"Affordable Wall Lamps UK | LED, Modern & Industrial Designs"
https://ledsone.co.uk/collections/wall-light,200,Wall Lights & Wall Sconces
https://ledsone.co.uk/collections/wall-light-any-room-sales,200,Wall Light Any room sales
https://ledsone.co.uk/collections/wall-light-buy-2-get-10-off,200,Wall Light Buy 2 Get 10% OFF
https://ledsone.co.uk/collections/wall-light-components,200,Wall Light Components
https://ledsone.co.uk/collections/wall-lights-for-bedroom-lights,200,Wall lamp | Bedroom Wall Light
https://ledsone.co.uk/collections/wall-lights-for-cafe-restaurant,200,Wall Lights for Restaurant
https://ledsone.co.uk/collections/wall-lights-for-home-office-lights,200,office wall Lighting| Modern Wall lamp
https://ledsone.co.uk/collections/wall-lights-for-living-room-lights,200,Living Room Wall Lights
https://ledsone.co.uk/collections/wall-lights-for-pipe-lights,200,pipe wall lighting| Lights for wall
https://ledsone.co.uk/collections/wall-lights-for-wood-lights,200,Wooden Wall Lights Wood Wall Lamp
https://ledsone.co.uk/collections/wall-lights-sconces,200,Indoor wall lights & wall sconces - 2026
https://ledsone.co.uk/collections/warm-white-vintage-bulbs,200,Warm White Vintage bulbs LEDSone UK
https://ledsone.co.uk/collections/waterproof-transformers,200,Waterproof Transformers
https://ledsone.co.uk/collections/weekly-promotion,200,Limited-Time Deals | Weekly Promotions & Big Savings at LEDSone UK
https://ledsone.co.uk/collections/weekly-promotion-offer,200,Trendy Lighting Fixtures
https://ledsone.co.uk/collections/weekly-promotion-testing-page,200,WEEKLY PROMOTION TESTING PAGE
https://ledsone.co.uk/collections/weighing-scale,200,Weighing Scale & Digital Weighting Scale
https://ledsone.co.uk/collections/white-board,200,Magnetic Whiteboard for Home
https://ledsone.co.uk/collections/wire-cage,200,"Wire Cage Lighting | Pendant, Ceiling & Wall Lights UK"
https://ledsone.co.uk/collections/wire-cage-pendant,200,Wire Cage ~ Pendant
https://ledsone.co.uk/collections/wire-cage-pendant-light,200,Cage Pendant Light | Industrial Cage wall Lighting
https://ledsone.co.uk/collections/wire-connecter-with-ceiling-rose-brackets,200,Wire connecter with Ceiling Rose Brackets15OFF
https://ledsone.co.uk/collections/wire-connectors,200,Wire Connectors Lighting & Cable Connectors
https://ledsone.co.uk/collections/wire-connectors-junction-box,200,Wire Connectors & Junction Box
https://ledsone.co.uk/collections/wood-lighting,200,Wood Lighting
https://ledsone.co.uk/collections/zero-price-products,200,Zero price products
