legacyResourceId,handle
7069908730017,rose-gold-light-hanging-pendant-light
7059080216737,2m-pendant-light-cage-retro-industrial-ceiling-light-spider-lamp
7053633487009,retro-vintage-style-metal-ceiling-hanging-pendant-light
7053367607457,vintage-rustic-hanging-ceiling-brushed-pendant-light
7045912002721,modern-industrial-french-gold-hanging-ceiling-pendant-light-metal-cone-shape-indoor-lighting-for-bed-room-kitchen-living-room
7038329847969,black-triangle-metal-wire-frame-lamp-light-wire-cage
7038324179105,new-vintage-pendant-ceiling-shade-industrial-chandelier-flush-mount-lighting-uk
7019740987553,modern-satin-nickel-indoor-hanging-pendant-light
7019566006433,large-indoor-spider-lights-1179
7019524620449,spider-light-fixture-1180
7019418648737,modern-industrial-black-retro-loft-spider-6-way-ceiling-metal-lampshade-pendant-light-hanging-adjustable-indoor-light-fitting
7015799685281,retro-industrial-white-diamond-cage-ceiling-pendant-light-hanging-indoor-lighting-for-basement-bedroom-conservatory-dining-room-foyer-garage
7015409189025,modern-industrial-chrome-3-way-ceiling-pendant-light-metal-cone-shape-shade-indoor-hanging-lighting-for-bedroom-dining-room-living-room
7008557334689,modern-industrial-loft-chrome-ceiling-pendant-light-metal-cone-shape-shade-indoor-hanging-light-fitting-for-basement-bedroom-conservatory
7004373450913,pendant-light-fixtures-kitchen-lights
6999643979937,black-2m-pendant-light-cage-retro-industrial-ceiling-light-spider-lamp
6999300178081,ceiling-rose-3-way-hanging-pendant-lamp-shade-light-fitting-lighting-kit-uk
6989497073825,ceiling-lights-for-kitchen
6987652300961,vintage-industrial-rustic-red-pendant-light-steampunk-pipe-light-balloon-cage-lamp-hanging-indoor-light-fitting-for-bed-room-kitchen-living-room
6982559301793,vintage-retro-industrial-ceiling-pendant-living-room-kitchen-indoor-hanging-lamp-bird-cage-lighting
6969096634529,industrial-vintage-retro-2-head-black-ceiling-pendant-metal-wire-cage-hanging-indoor-lighting
6921426632865,vintage-industrial-3head-ceiling-pendant-light-black-hanging-light-metal-dome-shape-shade-indoor-light-fitting-for-hotel-restaurants-bar-dining-room
6916366729377,ceiling-pendant-lamp-shade
6914992504993,modern-vintage-industrial-ceiling-pendant-light-metal-lamp-shade-hanging-indoor-light-fitting-with-95cm-adjustable-wire-for-bed-room-kitchen-living-room
6914697003169,suspended-ceiling-rose-braided-fabric-flex-rose-gold-pendant-lamp-holder-light-fitting-lighting
6914542665889,e27-vintage-retro-industrial-loft-style-metal-conduit-chain-pendant-ceiling-light-lamp-kit
6912420348065,industrial-retro-style-3-light-pendant-lights-adjustable-cord-with-diamond-metal-cages
6912222789793,1-3-light-black-square-cluster-pendant-light
6912021299361,industrial-vintage-ceiling-light-rustic-red-metal-conduit-retro-pendant-lamp
6909913825441,vintage-industrial-metal-ceiling-pendant-shade-modern-hanging-retro-light
6909809688737,vintage-modern-ceiling-pendant-light-metal-dome-shade-hanging-indoor-light-fitting-with-95cm-adjustable-wire
6909193748641,modern-industrial-style-metal-cage-single-pendant-light-yellow-brass-ceiling-light-fixture
6903445979297,loft-bar-3-hanging-pendant-lights
6898983633057,3-heads-ceiling-pendant-cluster-light-fitting-lights-e27-socket-hanging-chandelier-light
6898917015713,modern-diamond-cage-ceiling-pendant-light-fitting
6898555617441,pendant-lighting-metal-industrial-vintage-hanging-ceiling-satin-nickel-for-kitchen-home-lighting
6898501189793,industrial-light-barn-pendant-lighting-modern-light-retro-loft-style-metal
6896742203553,modern-orange-metal-shade-ceiling-pendant-indoor-light
6896521281697,industrial-pendant-light-metal-hanging-ceiling-lights-fixture-with-metal-flat-shade
6895318237345,industrial-kitchen-pendant-lighting
6895095840929,decorative-hanging-lights-adjustable
6894872166561,industrial-flex-fitting
6891249565857,new-hanging-lamp-industrial-retro-vintage-metal-lamp-pendulum-ceiling
6889804234913,umbrella-shape-metal-shade-pendant-lighting
6887867482273,vintage-industrial-metal-ceiling-pendant-light-with-dome-lampshade-1292
6887544815777,ceiling-light-bulb-holder-1-2-3-4-5-pendant-light-metal-e27-light-bulb-holders
6886023889057,vintage-industrial-metal-retro-ceiling-pendant-light-copper-shade
6885499404449,industrial-pendant-light-with-3-heads-cone-style-chandelier-1301
6885401755809,3-head-pendant-light-metal-cone-shade-hanging-light-fitting
6883611410593,3-way-vintage-industrial-cluster-pendant-light-metal-retro-lampshade
6883290972321,vintage-pendant-light-shade-metal-lamp-ceiling-lights-brushed-metal-lampshade
6883251028129,vintage-modern-metal-cage-ceiling-lamp-shade-pendant-light-with-95cm-adjustable-wire
6876475523233,vintage-metal-cage-retro-industrial-pendant-ceiling-lamp-light
6876281208993,vintage-industrial-metal-ceiling-pendant-light-satin-nickel-shade-modern
6876244082849,vintage-industrial-metal-ceiling-pendant-light-copper-shade-modern
6874011828385,vintage-modern-industrial-ceiling-lamp-shade-pendant-light-retro-loft-french-gold
6873654788257,vintage-modern-industrial-ceiling-lamp-shade-pendant-light-retro-loft-satin-nickel
6873605210273,ceiling-pendant-light-modern-style-3-cluster-metal-lampshade-colour-light-shades
6873580241057,retro-3-head-pendant-hanging-light-chrome-metal-flat-lamp-shade-for-bed-room-kitchen-study-room-dining-room
6863327068321,rattan-wicker-woven-ball-globe-two-outlet-pendant-light
6863281488033,modern-pendant-light-rattan-wicker-basket-ceiling-pendant-light-kit
6863219163297,rattan-wicker-ceiling-pendant-light-shade-hanging-light-antique-decor-lampshade
6863171322017,vintage-modern-hanging-pendant-light-metal-cone-shape-shade-with-95cm-adjustable-pvc-wire-for-restaurants-hotel-bar-dining-room
6860486213793,vintage-industrial-metal-ceiling-pendant-shade-retro-light
6860377555105,vintage-modern-metal-ceiling-pendant-light-chrome-hanging-lamp-with-95cm-adjustable-wire
6856559394977,cluster-lampshade-chandelier-pendant-ceiling-light-decor-lamp
6856525021345,modern-ceiling-pendant-lamp-cage-fitting-black-small-vintage-light
6856501002401,3-way-cluster-hanging-ceiling-pendant-light-e27-chrome-light-fitting-lamp-kit
6855745929377,black-ceiling-pendant-light-metal-lamp-shade
6852485021857,3-ceiling-lamp-pendant-cluster-light-modern-light-fitting-red-black-lampshades
6852406640801,metal-diamond-cage-ceiling-pendant-light-modern-hanging-lamps-1357
6852374102177,e27-holder-vintage-retro-hemp-rope-pendant-ceiling-light-decor-rope-0-5m-1m-2m
6851868721313,black-cage-pendant-lights
6851839361185,modern-ceiling-pendant-cage-fitting-rose-gold-diamond-lights-1361
6845851041953,modern-vintage-ceiling-pendant-light-cone-shade-shape-hanging-light-for-hotels-any-room-dining-room
6845769121953,vintage-industrial-metal-ceiling-pendant-dome-shade-modern-hanging-retro-light
6845727080609,vintage-balloon-cage-pendant-light-industrial-brass-ceiling-lamp-e27-fitting
6842416431265,metal-e27-pendant-light-29cm
6837440118945,industrial-e27-black-light-ceiling-pendant-light-cage-hanging-lampshade-fitting-kit
6818484650145,wavy-shade-retro-style-metal-vintage-ceiling-pendant-lamp-light-modern-lighting-industrial-design
6818256912545,vintage-industrial-metal-cage-ceiling-pendant-light-modern-hanging-retro-lamp-uk3-head-rectangle-base-yes
6812500557985,industrial-rattan-wicker-design-chandelier-ceiling-pendant-light-brown-finish
6810064847009,industrial-suspended-ceiling-lights-style-glass-lamp-shade
6774479618209,vintage-retro-industrial-loft-3-head-white-pendant-ceiling-light-retro-lamp-uk
6774423814305,ceiling-pendant-3-lights
6774298673313,industrial-style-ceiling-light-pendant-set-chandelier-metal-lampshade-hanging-loft-fitting-lampshade
6773916827809,modern-retro-loft-style-ceramic-lamp-shade-pendant-light
6770690130081,modern-vintage-industrial-e27-retro-orange-ceiling-wall-lamp-shade-pendant-light
6768034480289,red-retro-ceiling-pendant-light-fixture-for-kitchen-island
6750851334305,antique-brass-pendant-light-for-living-room
6749411606689,yellow-brass-metal-ceiling-lamp-shade-pendant-light
6749411344545,black-industrial-retro-ceiling-pendant-light
6749411016865,brushed-silver-industrial-retro-ceiling-pendant-light
6749410328737,brushed-copper-industrial-retro-ceiling-pendant-light
6749409804449,brushed-copper-3-head-rectangle-pendant-light-retro-lamp-shade-light
6749409411233,3-head-industrial-brushed-copper-wavy-metal-ceiling-pendant-light
6749409181857,brushed-copper-wavy-metal-ceiling-pendant-light
6749409083553,3-outlet-rustic-red-wavy-metal-ceiling-pendant-light
6749408919713,rustic-red-wavy-metal-ceiling-pendant-light
6749408624801,3-head-rectangle-pendant-light-retro-black-lamp-shade-light
6749408460961,3-outlet-black-wavy-metal-ceiling-pendant-light
6749408166049,black-wavy-metal-ceiling-pendant-light
6749407838369,industrial-square-wire-cage-ceiling-pendant-light
6749407641761,curvy-black-shade-industrial-hanging-ceiling-lighting
6749407477921,black-3-way-pendant-light-fixture-cone-shade-hanging-pendant-ceiling-lights
6749407281313,ceiling-pendant-light-black-square-wire-cage-lamp-lighting
6749407051937,industrial-wire-cage-pendant-light-black-ceiling-hanging-lamp
6749406855329,black-4-way-ceiling-pendant-light-long-wire-cage-lampshades
6749406724257,retro-ceiling-light-suitable-e27-black-wire-cage-with-adjustable-black-cable
6685792403617,industrial-retro-pendant-light-shade-suspended-ceiling-lights-style-metal-lamp
6685792338081,retro-metal-pendant-silver-ceiling-light-lamp-shade
6685792272545,orange-painted-metal-shade-lighting-vintage-pendant-light
6685792207009,three-outlet-black-pendant-light-3-lights-modern-drop-hanging-light
6685791912097,black-modern-pendant-light-curvy-ceiling-hanging-lights
6685791551649,kitchen-pendant-light-bar-decor-lamp-modern-red-ceiling-lights
6685791322273,vintage-industrial-retro-loft-style-ceiling-lamp-shade-pendant
6685791223969,brushed-silver-iron-wheel-chandelier-retro-industrial-style-chandelier
6685791125665,rustic-style-metal-pendant-light-hanging-lamp-ceiling-industrial-brushed
6685791027361,3-lights-hanging-chandelier-with-adjustable-cable-with-black-shade
6685790896289,french-gold-pendant-lights-gold-ceiling-lights-metal-industrial-light-shade
6685790797985,pendant-lights-in-french-gold-golden-hanging-lights
6681553207457,hemp-rope-1-head-pendant-ceiling-light-retro-lamp
6669122240673,bell-shape-ceiling-pendant-light-hemp-rope-hanging-light-e27-lamp-shade
6669121814689,drum-shape-ceiling-pendant-light-hemp-rope-hanging-light-e27-lamp-shade
6669121388705,dome-shape-ceiling-pendant-light-hemp-rope-hanging-light-e27-lamp-shade
6666853646497,vintage-industrial-retro-loft-style-metal-ceiling-lamp-shade-pendant-light-blue
6666853482657,vintage-industrial-retro-loft-style-metal-ceiling-lamp-shade-pendant-light-green
6666853318817,vintage-industrial-retro-loft-style-metal-ceiling-lamp-shade-pendant-light-yellow
6666853122209,vintage-industrial-retro-loft-style-metal-ceiling-lamp-shade-pendant-light-red
6666852925601,vintage-industrial-retro-loft-style-metal-ceiling-lamp-shade-pendant-light-white
6666852728993,vintage-industrial-retro-loft-style-metal-ceiling-lamp-shade-pendant-light-black
6666852532385,vintage-industrial-metal-cage-wire-frame-loft-ceiling-3-head-pendant-light-chandeliers
6666852139169,vintage-industrial-metal-cage-wire-frame-loft-ceiling-single-pendant-light-chandeliers
6655620055201,modern-retro-3-way-ceiling-pendant-light-cluster-light-fitting-glass-lampshade-yellow-brass-finish-home-e27-lighting-kit-for-kitchen-island-living-room-dining-room
6655619530913,natural-rattan-wicker-ceiling-pendant-light-lampshade-metal-pendant-lighting-kit-basket-shape
6655619236001,vintage-industrial-metal-ceiling-pendant-shade-modern-hanging-retro-light-lamp
6637699301537,modern-industrial-lampshade-chandelier-ceiling-pendant-light-pub-restaurant-lamp
6637698285729,yellow-brass-industrial-metal-ceiling-pendant-light-shade-hanging-lights-1570
6635418910881,multi-outlet-8-way-ceiling-pendant-light-for-2m-pvc-cable
6629057757345,four-outlet-retro-modern-orange-ceiling-pendant-industrial-light-shade-chandelier
6620252012705,retro-style-3-way-rustic-red-metal-pendant-ceiling-light-fitting
6620251357345,black-pendant-lights-black-pendant-lights
6620250898593,brushed-copper-3-point-multi-drop-outlet-ceiling-light
6614271393953,industrial-ceiling-pendant-light-fitting-with-metal-dome-lampshade
6614011674785,curvy-pendant-lighting-metal-industrial-vintage-hanging-ceiling
6606562820257,double-head-black-pendant-lighting-cage-40cm-ceiling-light
6604161482913,black-orange-adjustable-ceiling-pendant-lights
6594009301153,3-out-let-white-set-adjustable-hanging-pendant-ceiling-light-e27-base
6594007826593,3-head-vintage-industrial-adjustable-hanging-ceiling-pendant-light-e27
6594007433377,retro-industrial-ceiling-e27-hanging-pendant-light-shade-brushed-brass
6594007302305,retro-industrial-ceiling-e27-hanging-pendant-light-shade-brushed-silver
6594007138465,retro-industrial-ceiling-e27-hanging-pendant-light-shade-brushed-copper
6594007007393,black-ceiling-e27-hanging-pendant-light-shade-black-white-inner
6594006810785,retro-industrial-ceiling-e27-hanging-pendant-light-shade-black-gold-inner
6578508398753,industrial-pendant-ceiling-light-black-wire-cage-lampshade-hanging-light-fitting
6573956989089,french-gold-3-head-vintage-industrial-retro-loft-style-metal-ceiling-lampshade
6535720108193,satin-nickel-3-head-pendant-braided-fabric-flex-lamp-holder-fitting
6069694726305,yellow-5-outlet-ceiling-light-fixtures-black-hanging-pendant-lighting
6069694496929,blue-5-outlet-ceiling-light-fixtures-black-hanging-pendant-lighting
6069694365857,grey-5-outlet-ceiling-light-fixtures-black-hanging-pendant-lighting
6069693939873,blue-and-white-light-pendant-hanging-light-industrial-5-outlet-pendant
6069693579425,vintage-metal-dome-pendant-lights-industrial-lighting-rustic-black
6069693317281,industrial-hemp-rope-chandelier-5-head-metal-ceiling-pendant-light-1633
6054283411617,metal-ceiling-pendant-light-modern-hemp-hanging-retro-lamps
6054233637025,colours-industrial-retro-loft-metal-ceiling-lamp-shade-pendant-light
6052095852705,grey-colour-modern-vintage-industrial-retro-loft-metal-ceiling-lamp-shade-pendant-light
6052095787169,light-blue-colour-modern-vintage-industrial-retro-loft-metal-ceiling-lamp-shade-pendant-light
6052095656097,yellow-colour-retro-style-metal-ceiling-hanging-pendant-light-shade-modern-design
6052095459489,grey-colour-retro-style-metal-ceiling-hanging-pendant-light-shade-modern-design
6052095393953,modern-blue-colour-retro-ceiling-hanging-pendant-light-shade-1651
6052095295649,green-colour-retro-style-metal-ceiling-hanging-pendant-light-shade-modern-design
6052095230113,slotted-shape-metal-ceiling-pendant-light-modern-hemp-hanging-retro-lamps
6052095197345,bowl-shape-metal-ceiling-pendant-light-modern-hemp-hanging-retro-lamps
6052095099041,curvy-shape-metal-ceiling-pendant-light-modern-hemp-hanging-retro-lamps
6052095000737,dome-shape-metal-ceiling-pendant-light-modern-hemp-hanging-retro-lamps
6026337714337,orange-e27-ceiling-light-fitting-industrial-pendant-lamp-bulb-holder
6026335518881,black-ceiling-light-fitting-industrial-pendant-lamp-bulb-holder
6024708718753,1m-twisted-cable-e27-base-holder
6024708292769,2m-black-white-round-cable-e27-base-satin-nickel-holder
6024707965089,2m-gold-twisted-cable-e27-base-pendant-french-gold-holder
6022421610657,chrome-pendant-light-fitting-ceiling-rose-e27-suspension
6008905466017,5m-grey-2-core-twisted-electric-fabric-0-75mm-cable
6008904548513,5m-gold-2-core-twisted-electric-fabric-0-75mm-cable
5971602702497,light-blue-pendant-light-lampshade-ceiling-light-shade-with-bulb
5971602374817,industrial-metal-pendant-lights-e27-base-lighting-fixture
5971602210977,red-pendant-light-lampshade-ceiling-light-shade-with-bulb
5971602014369,blue-pendant-light-lampshade-ceiling-light-shade-with-bulb
5956239720609,cream-style-rattan-wicker-ceiling-pendant-lampshade-hanging-decoration-lamp
5956068606113,ceiling-pendant-lights-lampshade-3-head-red
5956068507809,ceiling-pendant-lights-lampshade-3-head-green
5956068442273,ceiling-pendant-lights-lampshade-3-head-blue
5956068343969,ceiling-pendant-lights-lampshade-3-head-gold
5956004413601,blue-celling-pendant-light-shade-kitchen-bar-chandelier-hanging-lamp-ceiling-lights
5956004249761,black-chandelier-with-glass-ball-hanging-lamp-single-indoor-lamp-light
5956004085921,modern-medium-cream-lattice-wicker-rattan-globe-ball-style-ceiling-pendant-light-lampshade
5956003758241,red-wicker-rattan-lampshade-ceiling-pendant-light
5956003299489,blue-rattan-pendant-light-2-head-e27-hanging-lamp
5956003266721,rattan-wicker-yellow-woven-ball-globe-two-outlet-pendant-lampshade
5956003233953,rattan-wicker-woven-red-ball-globe-pendant-lampshade-two-outlet
5956003201185,cream-rattan-wicker-woven-ball-globe-two-outlet-pendant-lampshade
5956003168417,white-rattan-wicker-woven-ball-globe-pendant-lampshade-two-outlet
5956003037345,two-outlet-black-rattan-wicker-woven-ball-globe-pendant-lampshade
5956002840737,blue-rattan-wicker-woven-pendant-lampshade-four-outlet
5956002742433,rattan-wicker-woven-ball-globe-yellow-pendant-lampshade-four-outlet
5956002644129,pendant-lampshade-four-outlet-red-rattan-wicker-woven-ball-globe
5956002578593,four-outlet-cream-rattan-wicker-woven-ball-globe-pendant-lampshade
5956002447521,black-rattan-wicker-woven-ball-globe-pendant-lampshade-four-outlet
5950507614369,colors-multi-outlet-lattice-wicker-rattan-globe-shade
5911744643233,modern-gloss-royal-blue-metal-dome-ceiling-pendant-light
5911744446625,light-blue-mettal-40cm-ceiling-lamp-pendant-light
5911744282785,40cm-black-metal-dome-pendant-light
5911743856801,grey-metal-ceiling-light-pendant-shade-retro-lampshade
5911743529121,orange-metal-ceiling-lampshade-pendant-light-shade-40cm
5911743234209,red-retro-metal-cafe-diner-ceiling-light-pendant-lampshade
5907435552929,modern-black-ceiling-light-shade-pendant-metal-dome-lamp-light
5907435487393,pendant-lamp-industrial-lamp-dome-brushed-copper-hanging-lamp
5907435389089,brushed-silver-retro-pendant-shade-metal-style-lampshade
5907435323553,rustic-red-industrial-metal-ceiling-pendant-shade-hanging-retro-light
5877380972705,blue-style-rattan-wicker-ceiling-pendant-lampshade-hanging-decoration-lamp
5877380513953,black-3-outlet-pendant-woven-rattan-dome-led-pendant-transitional-for-kitchen-living
5877379727521,3-head-red-bamboo-retro-hanging-light-fixtures-wicker-pendant-light-living-room
5874165448865,modern-wicker-rattan-lampshade-ceiling-pendant-lamp-hanging-decoration-lamp
5873931583649,metal-pendant-light-shade-black-retro-industrial-ceiling-lampshades-lighting-shades
5873930829985,rustic-red-modern-steel-lampshade-rustic-red-colour-retro-style-lighting
5873930535073,brushed-brass-modern-vintage-industrial-ceiling-pendant-lamp-shade
5814731702433,hemp-rope-3-head-pendant-ceiling-light-retro-lamp
5814731276449,pendant-lamp-rose-gold-metal-wire-vintage-lamp-ceiling-lamp-e27
5806504837281,grey-industrial-pendant-shade-modern-hemp-hanging-retro-light
5806504050849,copper-hemp-hanging-retro-ceiling-industrial-light
5806503526561,rustic-red-vintage-metal-ceiling-hemp-hanging-retro-light
5806502183073,brushed-copper-pendant-shade-modern-hemp-hanging-retro-light
5805741998241,new-ceiling-lamps-pendant-lamp-hanging-lamp-lamp-industrial-vintage-lamp-decoration
5798909214881,pendant-lamp-metal-e27-retro-industrial-vintage-hanging-lamp-ceiling-lamp
5794936324257,2m-hemp-rope-pendant-glass-lamp-shade-industrial
5784602640545,brushed-silver-metal-industrial-hanging-pendant-lighting-adjustable-hanging-barn-light
5784602575009,copper-industrial-vintage-edison-filament-lamps-pendant
5784602378401,industrial-pendant-light-black-vintage-hanging-pendant-lights-retro-lamp-fixtures
5784601854113,rattan-pendant-shade-fits-existing-standard-pendant-lounge-bedroom-kitchen
5770426941601,rustic-woven-cage-pendant-light-industrial-metal-pendant-lighting-fixture
5758489100449,copper-pendant-ceiling-lights-for-your-home
5758489034913,modern-satin-nickel-pendant-lighting
5758488871073,black-industrial-vintage-style-ceiling-pendant-light-fittings-metal-lampshades
5753361334433,satin-nickel-multi-outlet-ceiling-pendant-kits
5740007129249,modern-industrial-vintage-style-ceiling-light-pendant-set-chandelier-metal-lampshade-hanging-loft-fitting-lampshade-fixture
5670350356641,brushed-copper-cone-lamp-shade-with-hemp-pendant
5594436141217,retro-drop-light-shades-modern-ceiling-pendant-lampshades-metal-various-colours
5543643676833,vintage-industrial-metal-ceiling-pendant-shade-modern-hanging-retro-lights
5543091536033,modern-e27-cluster-ceiling-rose-pendant-light-fabric-flex-lamp-holder-fitting-uk
5536371114145,black-multi-outlet-e27-metal-vintage-hanging-ceiling-pendant-lights
5509926977697,vintage-e27-ceiling-pendant-light-lampshade-industrial-pendant-lamp-bulb-holder
