page_url,top_query,impressions
https://ledsone.co.uk/collections/15-off-1,ledsone discount code,53
https://ledsone.co.uk/collections/2core-round,2 core,58
https://ledsone.co.uk/collections/2core-twisted,braided electrical cable,68
https://ledsone.co.uk/collections/3-bulb-pendant-light?page=2,3 light malibu pendant,1
https://ledsone.co.uk/collections/3-head-rectangle-or-round-ceiling-rose,ceiling rose fitting,16
https://ledsone.co.uk/collections/30-off,ledsone discount code,30
https://ledsone.co.uk/collections/3core-round,braided cable,28
https://ledsone.co.uk/collections/3core-twisted,twisted cable,57
https://ledsone.co.uk/collections/accessories,led accessories,63
https://ledsone.co.uk/collections/accessories/wire-connectors,light cable connector,2
https://ledsone.co.uk/collections/all,ledsone,584
https://ledsone.co.uk/collections/all-ceiling-rose,ceiling rose,210
https://ledsone.co.uk/collections/all-products,ledsone uk,305
https://ledsone.co.uk/collections/all-products/products/long-shape-brushed-copper?_pos=2&_fid=e21c6a49f&_ss=c,metal cage,16
https://ledsone.co.uk/collections/all-transformers,drivers and transformers,10
https://ledsone.co.uk/collections/all/ceiling-lights-for-office-lights,home office ceiling lights,52
https://ledsone.co.uk/collections/all/products/12w-b22-light-bulb-energy-saving-lamp-warm-white-globe?_pos=6&_fid=c5545db83&_ss=c,light bulb package,1
https://ledsone.co.uk/collections/all/products/2-core-twisted-electric-cable-black-and-white-color-fabric-0-75mm?_pos=27&_fid=c43a6909e&_ss=c,black and white electrical wires,2
https://ledsone.co.uk/collections/all/products/3-pack-modern-wall-light-indoor-sconce-lighting-lamp-fixture-with-led-bulb?_pos=2&_fid=a45412100&_ss=c,modern wall sconces,3
https://ledsone.co.uk/collections/all/products/balloon-shape-brushed-copper?_pos=5&_fid=956fd1583&_ss=c,balloon lampshade,3
https://ledsone.co.uk/collections/all/products/black-e27-fitting-vintage-industrial-lamp-light-bulb-holder-antique-retro-edison-bulb?_pos=22&_fid=c6be02525&_ss=c,retro ferrowatt festoon lamp,2
https://ledsone.co.uk/collections/all/products/burgundy-industrial-metal-easy-fit-curvy-shape-lamp-shade?_pos=5&_fid=d9e6f0deb&_ss=c,burgundy lamp shades,3
https://ledsone.co.uk/collections/all/products/e27-brass-vintage-industrial-lamp-light-bulb-holder-antique-retro-edison-e27-fitting?_pos=32&_fid=c3f411d42&_ss=c,retro ferrowatt festoon lamp,1
https://ledsone.co.uk/collections/all/products/e27-lampshade-pendant-light-fitting-ceiling-rose?_pos=86&_fid=e4793ac10&_ss=c,rose light shade,1
https://ledsone.co.uk/collections/all/products/green-flush-mount-ceiling-light-fitting?_pos=1&_fid=a087ef239&_ss=c,green ceiling lighting,31
https://ledsone.co.uk/collections/all/products/green-flush-mount-ceiling-light-fitting?_pos=1&_fid=c3b92f669&_ss=c,green led lights,34
https://ledsone.co.uk/collections/all/products/hanging-handmade-hurricane-mosaic-pendant-lamps-antique-moroccan-ceiling-light-4969?_pos=1&_fid=307708ea6&_ss=c,hurricane pendant light,5
https://ledsone.co.uk/collections/all/products/long-shape-brushed-copper?_pos=1&_fid=041c21a53&_ss=c,metal cage,20
https://ledsone.co.uk/collections/all/products/modern-chandelier-led-crystal-ceiling-mount-and-hanging-light-5423?_pos=20&_fid=357c31a62&_ss=c,lamparas de cristal,1
https://ledsone.co.uk/collections/all/products/modern-drum-lampshade-rustic-red-colour-retro-style?_pos=12&_fid=3519e0ef1&_ss=c,red drum lampshade,1
https://ledsone.co.uk/collections/all/products/moroccan-style-mosaic-glass-pendant-light-4991?_pos=8&_fid=62b14c2bc&_ss=c,moroccan style light,1
https://ledsone.co.uk/collections/all/products/multi-outlet-5-hole-ceiling-rose-black-drop-pendant-120x25mm?_pos=9&_fid=edd9f962c&_ss=c,led drop ceiling lights,10
https://ledsone.co.uk/collections/all/products/new-style-brushed-silver-vintage-metal-wire-cage-lamp-shade?_pos=4&_fid=40c4ae02f&_ss=c,iridescent lamp shade,1
https://ledsone.co.uk/collections/all/products/satin-nickel-wall-light-lamp-sconces-living-room-home-decor?_pos=3&_fid=cb0e09ad8&_ss=c,brushed nickel wall sconces,2
https://ledsone.co.uk/collections/all/products/threaded-m10-zinc-alloy-30mm-long-pipe-nipple-lamp-repair-part-5pcs?_pos=8&_fid=96d4af0c4&_ss=c,lamp nipple,4
https://ledsone.co.uk/collections/all/vintage-bulb,retro light bulbs,58
https://ledsone.co.uk/collections/all/watt40w,watt light bulb,1
https://ledsone.co.uk/collections/all?filter.p.m.custom.bulb_shapes=Bell+shape%2FVase+shape,led vase,1
https://ledsone.co.uk/collections/all?filter.p.m.custom.bulb_shapes=Bowl,light bowl,1
https://ledsone.co.uk/collections/all?filter.p.m.custom.bulb_shapes=Curvy%2FDome,curved led lights,1
https://ledsone.co.uk/collections/all?filter.p.m.custom.bulb_shapes=Cylinder+Dome,dome led,1
https://ledsone.co.uk/collections/all?filter.p.m.custom.bulb_shapes=Dome%2FGlobe,dome leds,1
https://ledsone.co.uk/collections/all?filter.p.m.custom.bulb_shapes=Drum,drum lights led,1
https://ledsone.co.uk/collections/all?filter.p.m.custom.bulb_shapes=Faceted+Bell,showled chameleon,1
https://ledsone.co.uk/collections/all?filter.p.m.custom.bulb_shapes=Fluted+Dome,led dome,1
https://ledsone.co.uk/collections/all?filter.p.m.custom.bulb_shapes=Nest,nest lights,1
https://ledsone.co.uk/collections/all?filter.p.m.custom.bulb_shapes=Temple-+Dome,lamp dome,1
https://ledsone.co.uk/collections/all?filter.p.m.custom.bulb_shapes=Truncated+Cone,pinecone lamp,1
https://ledsone.co.uk/collections/all?filter.p.m.custom.bulb_shapes=Vase,vase with lights,5
https://ledsone.co.uk/collections/all?filter.p.m.custom.bulb_shapes=Wide+Cone,pine cone light,1
https://ledsone.co.uk/collections/all?filter.p.m.custom.ceilingrose_type=Rectangle+Shape,rectangle led lights,4
https://ledsone.co.uk/collections/all?filter.p.m.custom.length=10m,10mm led holder,1
https://ledsone.co.uk/collections/all?filter.p.m.custom.materials=Ceramic,ceramic leds,3
https://ledsone.co.uk/collections/all?filter.p.m.custom.model=Metal+Shade,led metal,3
https://ledsone.co.uk/collections/artificial-flower-pots,artificial flower pot,41
https://ledsone.co.uk/collections/b22-base-bulb,bc light bulb,84
https://ledsone.co.uk/collections/b22-base-bulb/vintage-bulb,vintage light bulbs bayonet,27
https://ledsone.co.uk/collections/b22-base-bulb/watt12,bayonet bulb,178
https://ledsone.co.uk/collections/b22-led-bulbs,led b22 light bulbs,45
https://ledsone.co.uk/collections/bakelite-holders,bulb holder,79
https://ledsone.co.uk/collections/bath-products,best toilet plunger uk,31
https://ledsone.co.uk/collections/bath-set,luxury bathroom accessories,408
https://ledsone.co.uk/collections/bedroom-lighting,bedroom lighting,498
https://ledsone.co.uk/collections/bedroom-lighting/satin-nickel,satin nickel indoor lighting,5
https://ledsone.co.uk/collections/belt,leather belt,197
https://ledsone.co.uk/collections/black-friday-50-off,black friday lighting sale,135
https://ledsone.co.uk/collections/black-pipe-fittings-tubing,black metal pipe,27
https://ledsone.co.uk/collections/bsell-06/products/10-pack-industrial-chrome-pendant-light-lamp-holder-ceiling-hanging-light-4253?variant=46647759798522&currency=GBP,pvc hanging light,4
https://ledsone.co.uk/collections/bsell-06/products/25w-e27-light-bulb-energy-saving-lamp-warm-white-globe?variant=44035689447674&currency=GBP,warm white bulb,67
https://ledsone.co.uk/collections/bsell-06/products/25w-e27-light-bulb-energy-saving-lamp-warm-white-globe?variant=44035689513210&currency=GBP,e27 bulb energy efficient,2
https://ledsone.co.uk/collections/bsell-06/products/dc-power-supply-splitter-2-4-6-8-way-dc-2-1mm-female-to-male-cable-for-cctv-security-cameras?variant=43720690663674&currency=GBP,12v power supply splitter,3
https://ledsone.co.uk/collections/bsell-06/products/dc24v-ip67-10w-waterproof-led-driver-power-supply-transformer?variant=31497532178528&currency=GBP,product,1
https://ledsone.co.uk/collections/bsell-06/products/e27-2m-fabric-cable-uk-plug-in-pendant-lamp-light-set-fitting-vintage-bulb-holder-socket?variant=55054353891714&currency=GBP,product,1
https://ledsone.co.uk/collections/bsell-06/products/multi-outlet-satin-nickel-metal-ceiling-rose?variant=40007999717537&currency=GBP,3 port ceiling canopy,1
https://ledsone.co.uk/collections/bsell-06/products/pipe-lighting-accessories-iron-floor-flange?variant=37208304877729&currency=GBP,pipe flange,1
https://ledsone.co.uk/collections/bsell-06/products/vintage-ceiling-rose-fabric-cable-pendant-light-fitting-holders-5213?variant=45065026732282&currency=GBP,صوره ليها,1
https://ledsone.co.uk/collections/bsell-06/products/vintage-e27-fitting-suspension-light-base-copper-lamp-holder-ceiling-pendant-lights?variant=44627121078522&currency=GBP,fitting lamp,1
https://ledsone.co.uk/collections/bsell-06/products/vintage-retro-industrial-copper-wall-light-shade-modern-style-high-polished-wall-sconce?variant=42736593567994&currency=GBP,copper wall lights,307
https://ledsone.co.uk/collections/bsell-06/products/waterproof-dc12v-ip67-15w-led-driver-power-supply-transformer?variant=31497523953760&currency=GBP,ip67 led driver,1
https://ledsone.co.uk/collections/bulbs,ledsone,10
https://ledsone.co.uk/collections/cafe-restaurants,bistro light,76
https://ledsone.co.uk/collections/cafe-restaurants/pendant-ceiling-lights,restaurant lighting,89
https://ledsone.co.uk/collections/cage-pendant-light,caged light fixture,9
https://ledsone.co.uk/collections/catalog_lampshades/products/copy-of-satin-nickel-wall-light-fitting-metal-lamp-fixture?_pos=22&_fid=1ba7b0893&_ss=c,plafondplaat kantelbaar,1
https://ledsone.co.uk/collections/catalog_others/pipe-light-fixture,industrial pipe lighting uk,5
https://ledsone.co.uk/collections/catalog_transformers/dc-5v-transformer,5v ac transformer,42
https://ledsone.co.uk/collections/ceiling-flash-lights-off,ceiling light off,2
https://ledsone.co.uk/collections/ceiling-light-living-room,ledsone,5
https://ledsone.co.uk/collections/ceiling-lighting,ledsone uk,347
https://ledsone.co.uk/collections/ceiling-lighting/cafe-restaurants,restaurant lighting,77
https://ledsone.co.uk/collections/ceiling-lighting/decorative-lights,induction lighting fixtures,1
https://ledsone.co.uk/collections/ceiling-lighting/new-arrivals,contemporary lightning,2
https://ledsone.co.uk/collections/ceiling-lights-for-bedroom-lights,bedroom light fittings,19
https://ledsone.co.uk/collections/ceiling-lights-for-flash-lights,flush ceiling lights,239
https://ledsone.co.uk/collections/ceiling-lights-for-office-lights,led lighting for offices,126
https://ledsone.co.uk/collections/ceiling-lights-for-panel-lights,ceiling light panels,88
https://ledsone.co.uk/collections/ceiling-pipe-lights,industrial pipe lighting uk,20
https://ledsone.co.uk/collections/ceiling-rose-brackets,ceiling light bracket,264
https://ledsone.co.uk/collections/ceiling-roses,multi-drop pendant,49
https://ledsone.co.uk/collections/ceiling-roses/custom-lighting,ceiling rose replacement,1
https://ledsone.co.uk/collections/ceilingrose-hook-plate,ceiling rose hook plate,18
https://ledsone.co.uk/collections/ceramic-holders,ceramic lamp holder,26
https://ledsone.co.uk/collections/chandelier,chandeliers,557
https://ledsone.co.uk/collections/chandelier-type-ceiling-lights,crystal ceiling lights,232
https://ledsone.co.uk/collections/chandeliers-lighting,hanging lights,337
https://ledsone.co.uk/collections/chandeliers-lighting/wire-cage-pendant-light,wire chandelier,1
https://ledsone.co.uk/collections/clear-bag,clear bag,18
https://ledsone.co.uk/collections/clocks,living room clocks,341
https://ledsone.co.uk/collections/clocks/clocks,argos wall clocks,1
https://ledsone.co.uk/collections/commercial-lighting-for-restaurants-uk,commercial lighting for restaurants uk,10
https://ledsone.co.uk/collections/commercial-lighting-for-restaurants-uk?filter.p.m.custom.ceilingrose_type=Round+Shape,custom made circular led,3
https://ledsone.co.uk/collections/commercial-lighting-for-restaurants-uk?filter.p.m.custom.style=Industrial,catering lighting and electrical products,1
https://ledsone.co.uk/collections/conduit-accessories,metal conduit fittings,73
https://ledsone.co.uk/collections/conduit-accessories/products/malleable-cast-thread-iron-pipe-conduit-lighting-pipe-fitting?variant=46704616243450,iron conduit,1
https://ledsone.co.uk/collections/conduit-lamp-holder,conduit lamp holder,15
https://ledsone.co.uk/collections/conduit-lighting,conduit lighting,122
https://ledsone.co.uk/collections/conduit-lighting/products/20mm-galvanized-steel-conduit-lighting-box-fitting?variant=54875533377922,galvanised boxes,2
https://ledsone.co.uk/collections/conduit-lighting/products/malleable-cast-thread-iron-pipe-conduit-lighting-pipe-fitting?variant=46704616243450,malleable conduit,2
https://ledsone.co.uk/collections/conduit-lighting/products/metal-ceiling-rose-100mm-m20-pendant-canopy-kit?variant=56698079609218,conduit ceiling rose,1
https://ledsone.co.uk/collections/conduit-lightings,light pipes uk,16
https://ledsone.co.uk/collections/conduit-lightings?filter.p.m.custom.holder_=E27,led reflector cup,1
https://ledsone.co.uk/collections/conduit-lightings?page=2&section_id=template--27376946413954__product-grid,led light pipe,3
https://ledsone.co.uk/collections/conduit-pipe,conduit light fittings,6
https://ledsone.co.uk/collections/conduit-wall-lights-industrial-pipe-wall-sconces,industrial wall lights,84
https://ledsone.co.uk/collections/constant-current-transformer,constant current power supply,20
https://ledsone.co.uk/collections/constant-voltage-transformer,voltage transformer,36
https://ledsone.co.uk/collections/cord-grip-and-hanging-chains,chains for lights from ceiling,36
https://ledsone.co.uk/collections/dc-12v-driver,12v power supply for led,17
https://ledsone.co.uk/collections/dc-12v-transformer,12v transformer,309
https://ledsone.co.uk/collections/dc-24v-transformer,24v transformer,339
https://ledsone.co.uk/collections/dc-5v-transformer,5v led transformer,60
https://ledsone.co.uk/collections/decorative-lighting-cable,lighting cable,202
https://ledsone.co.uk/collections/decorative-lights/bedroom-lighting,ledsone uk limited,1
https://ledsone.co.uk/collections/dimmable-led-bulbs,dimmable light bulbs,563
https://ledsone.co.uk/collections/dimmable-led-bulbs/b22-base-bulb,b22 dimmable led,88
https://ledsone.co.uk/collections/diy-lighting,diy led,2
https://ledsone.co.uk/collections/diy-lighting-new,led making,1
https://ledsone.co.uk/collections/diy-tools,diy lighting,16
https://ledsone.co.uk/collections/door-mat,long door mat,65
https://ledsone.co.uk/collections/e14-base-bulb,e14 bulb,243
https://ledsone.co.uk/collections/e14-bulb-holder,e14 bulb socket,10
https://ledsone.co.uk/collections/e27-b22-globe-bulb,globe light bulbs,137
https://ledsone.co.uk/collections/e27-base-bulb,e27 bulb,549
https://ledsone.co.uk/collections/e27-led-bulbs,e27 tubular led,50
https://ledsone.co.uk/collections/easy-fit-lamp-shades,easy fit light pendant,91
https://ledsone.co.uk/collections/easy-fit-lamp-shades-cages,hanging lampshade,47
https://ledsone.co.uk/collections/easy-fit-metal-shade,metal lampshade,95
https://ledsone.co.uk/collections/easy-fit-metal-shade/lampshades,metal lampshades,96
https://ledsone.co.uk/collections/easy-fit-shades,easy fit light shade,114
https://ledsone.co.uk/collections/easy-fit-shades/products/modern-black-metal-wire-cage-lamp-shade-4764?variant=44517173461242&shpxid=0eadfe9a-b27a-4340-b07d-e607a1656e93,black wire cage,1
https://ledsone.co.uk/collections/easy-fit-shades?page=2,soft shades,4
https://ledsone.co.uk/collections/easy-fit-wire-cage,light cage,23
https://ledsone.co.uk/collections/electrician-essential-products-uk,lighting circuit uk,7
https://ledsone.co.uk/collections/energy-saving-led-light-bulbs,energy saving light bulbs,270
https://ledsone.co.uk/collections/fitting-items,ceiling tile accessories,2
https://ledsone.co.uk/collections/foot-wear,footware or footwear,2
https://ledsone.co.uk/collections/glass-lights-for-cafe-restaurant,restaurant lighting,94
https://ledsone.co.uk/collections/glass-pendant-lights,commercial glass pendant lights,10
https://ledsone.co.uk/collections/glass-shade-lighting,glass light shades,305
https://ledsone.co.uk/collections/glass-wall-lights,glass wall lights,258
https://ledsone.co.uk/collections/glow-up-collection,fresh elements light lighting,31
https://ledsone.co.uk/collections/google-ads,ledsone uk limited,1
https://ledsone.co.uk/collections/green-day-lighting,green light bulb,33
https://ledsone.co.uk/collections/handles,ledge handle,11
https://ledsone.co.uk/collections/hemp-collection,rope lights,108
https://ledsone.co.uk/collections/hemp-rope-lighting,rope lights,189
https://ledsone.co.uk/collections/hemp-rope-lighting/lampshades,site:ledsone.co.uk,2
https://ledsone.co.uk/collections/hemp-rope-lights-any-rooms-offer,rope lamp,60
https://ledsone.co.uk/collections/hemp-rope-lights-any-rooms-offer/latest-pendant-shade,hemp rope light,4
https://ledsone.co.uk/collections/hemp-rope-lights-for-cafe-restaurant,hanging lights for cafe,6
https://ledsone.co.uk/collections/holder,lightbulb holder,270
https://ledsone.co.uk/collections/home-lighting,coloured cord flex light fittings,1
https://ledsone.co.uk/collections/home-office-lighting,where should i buy lighting for a home office in the uk,30
https://ledsone.co.uk/collections/hooks-and-rings,ceiling hooks,270
https://ledsone.co.uk/collections/hooks-and-rings/accessories,ceiling hooks for lights,31
https://ledsone.co.uk/collections/hooks-and-rings/hooks-and-rings,ceiling hook,43
https://ledsone.co.uk/collections/illuminate-your-space-the-ultimate-light-collection,lighting units,9
https://ledsone.co.uk/collections/incandescent-bulbs,incandescent light bulb,495
https://ledsone.co.uk/collections/indoor-led-lights/indoor-lighting,ledsone lighting,11
https://ledsone.co.uk/collections/indoor-lighting,site:ledsone.co.uk,1
https://ledsone.co.uk/collections/indoor-wall-lamps,indoor wall lights,306
https://ledsone.co.uk/collections/ip-20-transformers,12v 100w power supply,1
https://ledsone.co.uk/collections/ip20-led-power-supplies-1,led power supplies,78
https://ledsone.co.uk/collections/ip45-rainproof-led-drivers,weatherproof led driver,15
https://ledsone.co.uk/collections/ip67-waterproof-led-drivers,ip67 led driver,170
https://ledsone.co.uk/collections/junction-box,connectors for junction boxes,1
https://ledsone.co.uk/collections/kitchen-items,kitchen gadgets,270
https://ledsone.co.uk/collections/kitchen-lighting,industrial kitchen lighting,107
https://ledsone.co.uk/collections/kitchen-lighting/modern-lighting,modern led kitchen ceiling lights,58
https://ledsone.co.uk/collections/kitchen-lighting/pendant-lights,kitchen island lighting,239
https://ledsone.co.uk/collections/kitchen-lights-for-over-table,kitchen pendant lighting,361
https://ledsone.co.uk/collections/lamp-spare-parts-sales,lighting parts & accessories,40
https://ledsone.co.uk/collections/lamp-spares,lamp spares,20
https://ledsone.co.uk/collections/lamp-spares-1,ceiling light spares,7
https://ledsone.co.uk/collections/lampshades,retro lampshade,291
https://ledsone.co.uk/collections/lampshades/black-and-white,black and white lamp shade,77
https://ledsone.co.uk/collections/lampshades/ceiling-lights-for-bedroom-lights,bedroom light shades,129
https://ledsone.co.uk/collections/lampshades/ceiling-pipe-light,retro light shades,5
https://ledsone.co.uk/collections/lampshades/easy-fit-wire-cage,light shades uk,1
https://ledsone.co.uk/collections/lampshades/lighting-set,pendant light shades,99
https://ledsone.co.uk/collections/lampshades/metal-pendant-light,metal lamp shades,73
https://ledsone.co.uk/collections/lampshades/vintage-fittings-for-pendant-lights,light shade fittings,11
https://ledsone.co.uk/collections/lampshades/vintage-lighting,lamp shades for vintage lamps,20
https://ledsone.co.uk/collections/lampshades/wall-light-any-room-sales,vintage wall light shades,5
https://ledsone.co.uk/collections/lampshades/wall-lights-for-home-office-lights,vintage wall lamp shades,4
https://ledsone.co.uk/collections/latest-pendent-shade,kitchen light shades,132
https://ledsone.co.uk/collections/latest-pendent-shade/rattan-lamp,rattan pendant light,5
https://ledsone.co.uk/collections/laundry-bags,laundry bags,564
https://ledsone.co.uk/collections/led-bulbs,decorative light bulbs,407
https://ledsone.co.uk/collections/led-bulbs/b22-base-bulb,e14 bayonet bulb,112
https://ledsone.co.uk/collections/led-bulbs?page=3,220 240v 50hz,1
https://ledsone.co.uk/collections/led-lightings,ledsone uk limited,3
https://ledsone.co.uk/collections/led-modules,led module,350
https://ledsone.co.uk/collections/led-panels,led panels,303
https://ledsone.co.uk/collections/led-panels/led-lighting,modern slim panel lights,7
https://ledsone.co.uk/collections/led-transformers,led transformer,183
https://ledsone.co.uk/collections/lighting-collection,ledsone,18
https://ledsone.co.uk/collections/lighting-set,retro pendant lights,3
https://ledsone.co.uk/collections/lighting-shades,light shades,339
https://ledsone.co.uk/collections/lighting-shades/products/tiffany-style-ceiling-pendant-hanging-mediterranean-style-lamp-light-decorative-home?_pos=3&_fid=aa33d625f&_ss=c,tiffany light shades ceiling,7
https://ledsone.co.uk/collections/lighting-trends-2026,ledsone official website,39
https://ledsone.co.uk/collections/living-or-dining-room-lighting,industrial dining room lights,2
https://ledsone.co.uk/collections/living-or-dining-room-lighting/indoor-led-lights,indoor led lights,224
https://ledsone.co.uk/collections/living-or-dining-room-lighting/pendant-ceiling-lights,pendant lights,217
https://ledsone.co.uk/collections/living-room-lighting,link me some,1
https://ledsone.co.uk/collections/luminous-deals-glow-up-your-savings/products/3-x-led-lamp-3w-25w-b22-gls-light-bulbs-cool-white-a-lighting-5334?variant=45147757838586&currency=GBP,yes please,1
https://ledsone.co.uk/collections/luminous-deals-glow-up-your-savings/products/industrial-vintage-retro-rustic-sconce-wall-light-hanging-sconces-lamp-fitting-fixture-3408?variant=42266121634042&currency=GBP,rustic sconces for living room,1
https://ledsone.co.uk/collections/luminous-deals-glow-up-your-savings/products/retro-design-light-easy-fit-40cm-dome-lampshades-lighting?variant=40309520564385&currency=GBP,cool lampshades,39
https://ledsone.co.uk/collections/mail-bags,mailing bags,416
https://ledsone.co.uk/collections/masonry-screws-anchors,light duty fixings,24
https://ledsone.co.uk/collections/metal-holders,e27 socket,1252
https://ledsone.co.uk/collections/modern-energy-efficient-pendant-ceiling-wall-lighting-uk,sustainable pendant lighting,3
https://ledsone.co.uk/collections/modern-lighting,ledsone uk limited,2
https://ledsone.co.uk/collections/modern-radiant-lighting,class 1 light fittings,3
https://ledsone.co.uk/collections/morandi-pendant-light,morandi pendant light,5
https://ledsone.co.uk/collections/multi-outlet-lighting,hallway pendant light,143
https://ledsone.co.uk/collections/multi-outlet-lighting-deals,multi lighting sale,71
https://ledsone.co.uk/collections/neon-flex,led neon,115
https://ledsone.co.uk/collections/new-arrivals/products/6-outlet-yellow-brass-metal-ceiling-rose-120x25mm?_pos=15&_fid=b8e863a9c&_ss=c,yellow lighting sale,10
https://ledsone.co.uk/collections/new-arrivals/products/glass-lampshade-modern-style-wall-lights-perfect-for-decorative-on-wall?_pos=6&_fid=798e31163&_ss=c,wall lights glass shades,5
https://ledsone.co.uk/collections/new-collection,ledsone uk limited,1
https://ledsone.co.uk/collections/new-products,ledsone,2
https://ledsone.co.uk/collections/non-dimmable-led-bulbs,non-dimmable wall light,116
https://ledsone.co.uk/collections/office-items,document storage,1968
https://ledsone.co.uk/collections/outdoor-lights-with-sensor,outside lights with sensor,286
https://ledsone.co.uk/collections/outdoor-wall-lights,outdoor lighting,106
https://ledsone.co.uk/collections/patten-shade-lighting,batten lamp shade,2
https://ledsone.co.uk/collections/pendant-holder,pendant lamp holder,114
https://ledsone.co.uk/collections/pendant-light-with-switch-on-cord,ceiling light with switch on cord,3
https://ledsone.co.uk/collections/pendant-lights,ledsone,551
https://ledsone.co.uk/collections/pendant-lights/bedroom-lighting,bedroom pendant lights,258
https://ledsone.co.uk/collections/pendant-lights/indoor-lighting,led hanging lights,13
https://ledsone.co.uk/collections/pendant-lights/office-lighting,office pendant light,47
https://ledsone.co.uk/collections/pendant-lights/pendant-holder,hanging light bulb,4
https://ledsone.co.uk/collections/pendant-lights/pendant-lights,metallic pendant light,3
https://ledsone.co.uk/collections/pendant-lights/pipe-ceiling-lights,site:ledsone.co.uk,1
https://ledsone.co.uk/collections/pendant-lights?filter.p.m.custom.bulb_shapes=Cone+Shade&filter.p.m.custom.ceilingrose_type=Rectangle+Shape&filter.p.m.custom.model=Trendy+Pendant+light&variant=45380374102266,custom y-shape suspended led lighting,14
https://ledsone.co.uk/collections/pendant-lights?filter.p.m.custom.bulb_shapes=Cone+Shade&filter.p.m.custom.colour=Pink&variant=45380373610746,custom made y shape lights,7
https://ledsone.co.uk/collections/pendant-lights?filter.p.m.custom.bulb_shapes=Cone+Shade&filter.p.m.custom.materials=Metal&variant=45380374102266,bespoke y shape led,2
https://ledsone.co.uk/collections/pendant-lights?filter.p.m.custom.bulb_shapes=Cone+Shade&filter.p.m.custom.model=Trendy+Pendant+light&filter.p.m.custom.size=Dia%2F10cm&variant=45380374102266,custom y-shape suspended led lighting,1
https://ledsone.co.uk/collections/pendant-lights?filter.p.m.custom.bulb_shapes=Cone+Shade&variant=45380374102266,bespoke y shape lights,4
https://ledsone.co.uk/collections/pendant-lights?filter.p.m.custom.bulb_shapes=Dome&filter.p.m.custom.ceilingrose_type=Round+Shape&filter.p.m.custom.colour=French+Gold&filter.p.m.custom.core=2+Core&filter.p.m.custom.model=Cage+Pendant&variant=45380374167802,chandelier domes,1
https://ledsone.co.uk/collections/pendant-lights?filter.p.m.custom.bulb_shapes=Dome&filter.p.m.custom.colour=Chrome&filter.p.m.custom.model=Cage+Pendant&filter.p.m.custom.wattage=60W&variant=45380374167802,dome chandeliers,1
https://ledsone.co.uk/collections/pendant-lights?filter.p.m.custom.bulb_shapes=Dome&filter.p.m.custom.colour=Multi+color&variant=45380373610746,bespoke y shape led,2
https://ledsone.co.uk/collections/pendant-lights?filter.p.m.custom.bulb_shapes=Dome&filter.p.m.custom.colour=Purple&filter.p.m.custom.model=Trendy+Pendant+light&variant=45380374102266,purple pendant light,3
https://ledsone.co.uk/collections/pendant-lights?filter.p.m.custom.bulb_shapes=Dome&filter.p.m.custom.lighting_outlet=9+Way&variant=45380374102266,custom octagon suspended led lighting,2
https://ledsone.co.uk/collections/pendant-lights?filter.p.m.custom.bulb_shapes=Dome&filter.p.m.custom.size=Dia%2F23cm&variant=45380374102266,bespoke y shape led,2
https://ledsone.co.uk/collections/pendant-lights?filter.p.m.custom.bulb_shapes=Dome&variant=45380373643514,led dome,3
https://ledsone.co.uk/collections/pendant-lights?filter.p.m.custom.bulb_shapes=Dome&variant=45380373840122,ceiling dome,4
https://ledsone.co.uk/collections/pendant-lights?filter.p.m.custom.bulb_shapes=Dome&variant=45380374102266,custom octagon suspended led lighting,1
https://ledsone.co.uk/collections/pendant-lights?filter.p.m.custom.bulb_shapes=Dome&variant=45380374135034,indoor dome lights,3
https://ledsone.co.uk/collections/pendant-lights?filter.p.m.custom.bulb_shapes=Round&filter.p.m.custom.ceilingrose_type=Round+Shape&filter.p.m.custom.colour=French+Gold&filter.p.m.custom.core=2+Core&filter.p.m.custom.lighting_outlet=3+way&filter.p.m.custom.model=Cage+Pendant&filter.p.m.custom.size=Dia%2F17cm&variant=45380374167802,large round pendant light,2
https://ledsone.co.uk/collections/pendant-lights?filter.p.m.custom.bulb_shapes=Round&filter.p.m.custom.ceilingrose_type=Round+Shape&filter.p.m.custom.colour=French+Gold&filter.p.m.custom.core=Pendant+Light&filter.p.m.custom.model=Cage+Pendant&filter.p.m.custom.size=Dia%2F17cm&filter.p.m.custom.wattage=60W&variant=45380374167802,pendant light round,1
https://ledsone.co.uk/collections/pendant-lights?filter.p.m.custom.bulb_shapes=Round&filter.p.m.custom.ceilingrose_type=Round+Shape&filter.p.m.custom.colour=French+Gold&filter.p.m.custom.core=Pendant+light&filter.p.m.custom.model=Cage+Pendant&filter.p.m.custom.size=Dia%2F17cm&variant=45380374167802,large round pendant light,2
https://ledsone.co.uk/collections/pendant-lights?filter.p.m.custom.bulb_shapes=Round&filter.p.m.custom.ceilingrose_type=Round+Shape&filter.p.m.custom.core=Pendant+Light&filter.p.m.custom.model=Cage+Pendant&filter.p.m.custom.size=Dia%2F17cm&variant=45380374167802,pendant light round,1
https://ledsone.co.uk/collections/pendant-lights?filter.p.m.custom.bulb_shapes=Round&filter.p.m.custom.ceilingrose_type=Round+Shape&filter.p.m.custom.model=Cage+Pendant&variant=45380374167802,round hanging lights,1
https://ledsone.co.uk/collections/pendant-lights?filter.p.m.custom.bulb_shapes=Round&filter.p.m.custom.colour=Brushed+Silver&variant=45380373840122,custom y-shape suspended led lighting,2
https://ledsone.co.uk/collections/pendant-lights?filter.p.m.custom.bulb_shapes=Round&filter.p.m.custom.colour=Silver&variant=45380374036730,custom made round lights,1
https://ledsone.co.uk/collections/pendant-lights?filter.p.m.custom.bulb_shapes=Round&filter.p.m.custom.lighting_outlet=1+Way&variant=45380374102266,custom made round lights,1
https://ledsone.co.uk/collections/pendant-lights?filter.p.m.custom.bulb_shapes=Round&filter.p.m.custom.lighting_outlet=4+Way&filter.p.m.custom.size=Dia%2F23cm&variant=45380373643514,bespoke circular led,3
https://ledsone.co.uk/collections/pendant-lights?filter.p.m.custom.bulb_shapes=Round&filter.p.m.custom.lighting_outlet=9+Way&variant=45380374102266,custom y-shape suspended led lighting,10
https://ledsone.co.uk/collections/pendant-lights?filter.p.m.custom.bulb_shapes=Round&filter.p.m.custom.model=Shade+Pendant&variant=45380373676282,circular suspended light,1
https://ledsone.co.uk/collections/pendant-lights?filter.p.m.custom.bulb_shapes=Round&filter.p.m.custom.size=Dia%2F15cm&variant=45380374036730,bespoke circular led,10
https://ledsone.co.uk/collections/pendant-lights?filter.p.m.custom.bulb_shapes=Round&filter.p.m.custom.size=Dia%2F23cm&variant=45380374102266,bespoke round lights,2
https://ledsone.co.uk/collections/pendant-lights?filter.p.m.custom.bulb_shapes=Round&variant=45380373643514,custom made circular led,6
https://ledsone.co.uk/collections/pendant-lights?filter.p.m.custom.bulb_shapes=Round&variant=45380374135034,custom made circular lights,5
https://ledsone.co.uk/collections/pendant-lights?filter.p.m.custom.bulb_shapes=Twisted&filter.p.m.custom.lighting_outlet=1+Way&variant=45380374102266,twist design pendant lights,1
https://ledsone.co.uk/collections/pendant-lights?filter.p.m.custom.bulb_shapes=Twisted&filter.p.m.custom.lighting_outlet=3+way&filter.p.m.custom.model=Trendy+Pendant+light&variant=45380374102266,twist design pendant lights,1
https://ledsone.co.uk/collections/pendant-lights?filter.p.m.custom.ceilingrose_type=Rectangle&variant=45380373643514,bespoke rectangle led,16
https://ledsone.co.uk/collections/pendant-lights?filter.p.m.custom.ceilingrose_type=Rectangle&variant=45380374102266,custom rectangle suspended led lighting,1
https://ledsone.co.uk/collections/pendant-lights?filter.p.m.custom.ceilingrose_type=Rectangle+Shape&filter.p.m.custom.colour=Multi+colour&filter.p.m.custom.core=Ceiling+Light&variant=45380373807354,adjustable ceiling light,1
https://ledsone.co.uk/collections/pendant-lights?filter.p.m.custom.ceilingrose_type=Rectangle+Shape&filter.p.m.custom.colour=Multi+colour&filter.p.m.custom.core=Pendant+Light&filter.p.m.custom.size=Dia%2F24cm&variant=45380373807354,pendant light rectangular,1
https://ledsone.co.uk/collections/pendant-lights?filter.p.m.custom.ceilingrose_type=Rectangle+Shape&filter.p.m.custom.colour=Multi+colour&filter.p.m.custom.core=Pendant+light&variant=45380373807354,square light pendant,1
https://ledsone.co.uk/collections/pendant-lights?filter.p.m.custom.ceilingrose_type=Rectangle+Shape&filter.p.m.custom.colour=Multi+colour&filter.p.m.custom.materials=Metal&filter.p.m.custom.size=Dia%2F24cm&variant=45380373807354,custom rectangle suspended led lighting,1
https://ledsone.co.uk/collections/pendant-lights?filter.p.m.custom.ceilingrose_type=Rectangle+Shape&filter.p.m.custom.colour=Multi+colour&filter.p.m.custom.size=Dia%2F10cm&variant=45380373807354,custom rectangle suspended led lighting,2
https://ledsone.co.uk/collections/pendant-lights?filter.p.m.custom.ceilingrose_type=Rectangle+Shape&filter.p.m.custom.colour=Multi+colour&filter.p.m.custom.size=Dia%2F16cm&variant=45380373807354,custom rectangle suspended led lighting,5
https://ledsone.co.uk/collections/pendant-lights?filter.p.m.custom.ceilingrose_type=Rectangle+Shape&filter.p.m.custom.colour=Multi+colour&filter.p.m.custom.style=Industrial&variant=45380373807354,custom rectangle suspended led lighting,3
https://ledsone.co.uk/collections/pendant-lights?filter.p.m.custom.ceilingrose_type=Rectangle+Shape&filter.p.m.custom.colour=Multi+colour&filter.p.m.custom.style=Modern&variant=45380373807354,custom rectangle suspended led lighting,1
https://ledsone.co.uk/collections/pendant-lights?filter.p.m.custom.ceilingrose_type=Rectangle+Shape&filter.p.m.custom.colour=Pink&variant=45380373610746,pink lighting sale,25
https://ledsone.co.uk/collections/pendant-lights?filter.p.m.custom.ceilingrose_type=Rectangle+Shape&filter.p.m.custom.colour=White&variant=45380373610746,custom made rectangle lights,1
https://ledsone.co.uk/collections/pendant-lights?filter.p.m.custom.ceilingrose_type=Rectangle+Shape&filter.p.m.custom.length=10M&filter.p.m.custom.model=Trendy+Pendant+light&variant=45380374102266,custom rectangle suspended led lighting,7
https://ledsone.co.uk/collections/pendant-lights?filter.p.m.custom.ceilingrose_type=Rectangle+Shape&filter.p.m.custom.lighting_outlet=2+Way&filter.p.m.custom.size=Dia%2F23cm&variant=45380374102266,custom rectangle suspended led lighting,3
https://ledsone.co.uk/collections/pendant-lights?filter.p.m.custom.ceilingrose_type=Rectangle+Shape&filter.p.m.custom.materials=Metal&variant=45380374102266,custom made rectangle lights,4
https://ledsone.co.uk/collections/pendant-lights?filter.p.m.custom.ceilingrose_type=Rectangle+Shape&filter.p.m.custom.size=Dia%2F23cm&variant=45380374102266,bespoke rectangle led,9
https://ledsone.co.uk/collections/pendant-lights?filter.p.m.custom.ceilingrose_type=Rectangle+Shape&filter.p.m.custom.size=Dia%2F30cm&variant=45380374102266,bespoke rectangle led,2
https://ledsone.co.uk/collections/pendant-lights?filter.p.m.custom.ceilingrose_type=Rectangle+Shape&variant=45380373643514,custom made rectangle led lighting,9
https://ledsone.co.uk/collections/pendant-lights?filter.p.m.custom.ceilingrose_type=Rectangle+Shape&variant=45380373807354,bespoke rectangle lights,1
https://ledsone.co.uk/collections/pendant-lights?filter.p.m.custom.ceilingrose_type=Round&filter.p.m.custom.size=Dia%2F23cm&variant=45380374102266,bespoke circular led,1
https://ledsone.co.uk/collections/pendant-lights?filter.p.m.custom.ceilingrose_type=Round&variant=45380373643514,large round pendant light,2
https://ledsone.co.uk/collections/pendant-lights?filter.p.m.custom.ceilingrose_type=Round&variant=45380373774586,bespoke circular led,8
https://ledsone.co.uk/collections/pendant-lights?filter.p.m.custom.ceilingrose_type=Round&variant=45380373840122,circular led pendant light,1
https://ledsone.co.uk/collections/pendant-lights?filter.p.m.custom.ceilingrose_type=Round&variant=45380373905658,custom made round lights,1
https://ledsone.co.uk/collections/pendant-lights?filter.p.m.custom.ceilingrose_type=Round&variant=45380374135034,bespoke circular led,2
https://ledsone.co.uk/collections/pendant-lights?filter.p.m.custom.ceilingrose_type=Round+Shape&filter.p.m.custom.colour=French+Gold&filter.p.m.custom.core=Pendant+Light&filter.p.m.custom.led_wattage=4W&filter.p.m.custom.model=Cage+Pendant&filter.p.m.custom.size=Dia%2F17cm&filter.p.m.custom.wattage=60W&variant=45380374167802,pendant light round,1
https://ledsone.co.uk/collections/pendant-lights?filter.p.m.custom.ceilingrose_type=Round+Shape&filter.p.m.custom.colour=Green+Brass&filter.p.m.custom.core=Ceiling+Light&filter.p.m.custom.size=50cm&variant=45380373872890,50cm pendant light,1
https://ledsone.co.uk/collections/pendant-lights?filter.p.m.custom.ceilingrose_type=Round+Shape&filter.p.m.custom.colour=Green+Brass&filter.p.m.custom.led_wattage=60W&filter.p.m.custom.size=Dia%2F29cm&variant=45380373872890,round hanging lamp,1
https://ledsone.co.uk/collections/pendant-lights?filter.p.m.custom.ceilingrose_type=Round+Shape&filter.p.m.custom.colour=Pink&variant=45380373610746,pink lighting sale,2
https://ledsone.co.uk/collections/pendant-lights?filter.p.m.custom.ceilingrose_type=Round+Shape&filter.p.m.custom.colour=Rose+Gold&filter.p.m.custom.model=Cage+Pendant&variant=45380374167802,hanging lights round,1
https://ledsone.co.uk/collections/pendant-lights?filter.p.m.custom.ceilingrose_type=Round+Shape&filter.p.m.custom.colour=White&variant=45380373610746,custom made round lights,1
https://ledsone.co.uk/collections/pendant-lights?filter.p.m.custom.ceilingrose_type=Round+Shape&filter.p.m.custom.model=Cage+Pendant&filter.p.m.custom.style=Modern&variant=45380374167802,round hanging lights,1
https://ledsone.co.uk/collections/pendant-lights?filter.p.m.custom.ceilingrose_type=Round+Shape&filter.p.m.custom.size=Dia%2F15cm&variant=45380374036730,bespoke round lights,15
https://ledsone.co.uk/collections/pendant-lights?filter.p.m.custom.ceilingrose_type=Round+Shape&filter.p.m.custom.size=Dia%2F30cm&variant=45380374102266,bespoke circular led,1
https://ledsone.co.uk/collections/pendant-lights?filter.p.m.custom.ceilingrose_type=Round+Shape&variant=45380373643514,bespoke circular lights,11
https://ledsone.co.uk/collections/pendant-lights?filter.p.m.custom.ceilingrose_type=Round+Shape&variant=45380373872890,custom made round lights,3
https://ledsone.co.uk/collections/pendant-lights?filter.p.m.custom.colour=Amber&filter.p.m.custom.style=Vintage&variant=45380374102266,amber pendant light,1
https://ledsone.co.uk/collections/pendant-lights?filter.p.m.custom.colour=Amber&variant=45380373643514,amber pendant lighting,1
https://ledsone.co.uk/collections/pendant-lights?filter.p.m.custom.colour=Brushed+Silver&filter.p.m.custom.core=3+Core&variant=45380373840122,custom octagon suspended led lighting,1
https://ledsone.co.uk/collections/pendant-lights?filter.p.m.custom.colour=Burgundy&variant=45380373643514,burgundy lights,1
https://ledsone.co.uk/collections/pendant-lights?filter.p.m.custom.colour=Cyan+Blue&variant=45380373840122,blue chandelier,4
https://ledsone.co.uk/collections/pendant-lights?filter.p.m.custom.colour=Gold&filter.p.m.custom.core=Pendant+light&variant=45380374200570,gold led lighting,3
https://ledsone.co.uk/collections/pendant-lights?filter.p.m.custom.colour=Gold&variant=45380373643514,gold led lighting,1
https://ledsone.co.uk/collections/pendant-lights?filter.p.m.custom.colour=Green&filter.p.m.custom.core=Pendant+Light&filter.p.m.custom.model=Shade+Pendant&variant=45380373807354,green pendant light,29
https://ledsone.co.uk/collections/pendant-lights?filter.p.m.custom.colour=Green&filter.p.m.custom.core=Pendant+Light&filter.p.m.custom.model=Shade+Pendant&variant=45380373840122,green pendant light,1
https://ledsone.co.uk/collections/pendant-lights?filter.p.m.custom.colour=Green&filter.p.m.custom.core=Pendant+light&filter.p.m.custom.model=Shade+Pendant&variant=45380373807354,colourful light pendants,4
https://ledsone.co.uk/collections/pendant-lights?filter.p.m.custom.colour=Green&filter.p.m.custom.length=10M&filter.p.m.custom.model=Shade+Pendant&variant=45380373840122,10 light pendant,1
https://ledsone.co.uk/collections/pendant-lights?filter.p.m.custom.colour=Green&filter.p.m.custom.model=Shade+Pendant&filter.p.m.custom.style=Industrial&variant=45380373807354,custom pendant lights,1
https://ledsone.co.uk/collections/pendant-lights?filter.p.m.custom.colour=Green&filter.p.m.custom.model=Shade+Pendant&filter.p.m.custom.style=Modern&variant=45380373840122,green chandelier,2
https://ledsone.co.uk/collections/pendant-lights?filter.p.m.custom.colour=Multi+color&filter.p.m.custom.core=Ceiling+Light&filter.p.m.custom.size=Dia%2F12cm&variant=45380374102266,cct adjustable pendant lights,4
https://ledsone.co.uk/collections/pendant-lights?filter.p.m.custom.colour=Navy+Blue&variant=45380373840122,navy blue ceiling lights,38
https://ledsone.co.uk/collections/pendant-lights?filter.p.m.custom.colour=Pink&filter.p.m.custom.core=Ceiling+Light&variant=45380373610746,pink lighting sale,1
https://ledsone.co.uk/collections/pendant-lights?filter.p.m.custom.colour=Pink&filter.p.m.custom.lighting_outlet=1+Way&variant=45380373610746,pink lighting sale,9
https://ledsone.co.uk/collections/pendant-lights?filter.p.m.custom.colour=Pink&filter.p.m.custom.model=Shade+Pendant&variant=45380374102266,custom pendant lights,2
https://ledsone.co.uk/collections/pendant-lights?filter.p.m.custom.colour=Pink&filter.p.m.custom.size=10cm+diameter+2cm+height&variant=45380373610746,custom y-shape suspended led lighting,1
https://ledsone.co.uk/collections/pendant-lights?filter.p.m.custom.colour=Purple&filter.p.m.custom.lighting_outlet=4+Way&filter.p.m.custom.size=Dia%2F40cm&variant=45380373807354,4 light pendant,1
https://ledsone.co.uk/collections/pendant-lights?filter.p.m.custom.colour=Purple&filter.p.m.custom.model=Trendy+Pendant+light&filter.p.m.custom.size=Dia%2F26cm&variant=45380374102266,purple light pendant,1
https://ledsone.co.uk/collections/pendant-lights?filter.p.m.custom.colour=Purple&variant=45380374135034,purple pendant lights,3
https://ledsone.co.uk/collections/pendant-lights?filter.p.m.custom.colour=Red&filter.p.m.custom.size=Dia%2F23cm&variant=45380374102266,red hanging lights,1
https://ledsone.co.uk/collections/pendant-lights?filter.p.m.custom.colour=Silver&filter.p.m.custom.lighting_outlet=6+Way&variant=45380374036730,bespoke y shape led,1
https://ledsone.co.uk/collections/pendant-lights?filter.p.m.custom.colour=Silver&filter.p.m.custom.materials=Metal&variant=45380374036730,led metal,2
https://ledsone.co.uk/collections/pendant-lights?filter.p.m.custom.colour=White&filter.p.m.custom.materials=Metal&variant=45380373610746,white metal pendant light,1
https://ledsone.co.uk/collections/pendant-lights?filter.p.m.custom.colour=Wooden&filter.p.m.custom.size=Dia%2F30cm&variant=45380373905658,wooden led pendant light,1
https://ledsone.co.uk/collections/pendant-lights?filter.p.m.custom.core=2+Core&filter.p.m.custom.length=10M&filter.p.m.custom.model=Cage+Pendant&filter.p.m.custom.size=Dia%2F41cm&variant=45380374102266,cct adjustable pendant lights,1
https://ledsone.co.uk/collections/pendant-lights?filter.p.m.custom.core=3+Core&filter.p.m.custom.materials=Metal&variant=45380374102266,led metal,3
https://ledsone.co.uk/collections/pendant-lights?filter.p.m.custom.core=3+Core&variant=45380373643514,bespoke y shape led,11
https://ledsone.co.uk/collections/pendant-lights?filter.p.m.custom.core=3+Core&variant=45380374102266,custom octagon suspended led lighting,2
https://ledsone.co.uk/collections/pendant-lights?filter.p.m.custom.core=Ceiling+Light&filter.p.m.custom.length=10M&filter.p.m.custom.model=Trendy+Pendant+light&variant=45380374102266,adjustable pendant lighting,1
https://ledsone.co.uk/collections/pendant-lights?filter.p.m.custom.core=Ceiling+Light&filter.p.m.custom.length=1m&filter.p.m.custom.model=Trendy+Pendant+light&variant=45380374102266,pendant light adjustable,1
https://ledsone.co.uk/collections/pendant-lights?filter.p.m.custom.core=Ceiling+Light&filter.p.m.custom.lighting_outlet=1+Way&filter.p.m.custom.model=Trendy+Pendant+light&variant=45380374102266,adjustable pendant lights,1
https://ledsone.co.uk/collections/pendant-lights?filter.p.m.custom.core=Ceiling+Light&filter.p.m.custom.lighting_outlet=4+Way&filter.p.m.custom.size=Dia%2F40cm&variant=45380373807354,4 light pendant ceiling light,9
https://ledsone.co.uk/collections/pendant-lights?filter.p.m.custom.core=Ceiling+Light&filter.p.m.custom.lighting_outlet=5+Way&filter.p.m.custom.model=Trendy+Pendant+light&variant=45380374102266,adjustable pendant lamp,1
https://ledsone.co.uk/collections/pendant-lights?filter.p.m.custom.core=Ceiling+Light&filter.p.m.custom.lighting_outlet=9+Way&filter.p.m.custom.model=Trendy+Pendant+light&variant=45380374102266,adjustable ceiling lights,8
https://ledsone.co.uk/collections/pendant-lights?filter.p.m.custom.core=Ceiling+Light&filter.p.m.custom.materials=Metal&filter.p.m.custom.model=Trendy+Pendant+light&variant=45380374102266,adjustable pendant light,2
https://ledsone.co.uk/collections/pendant-lights?filter.p.m.custom.core=Ceiling+Light&filter.p.m.custom.model=Shade+Pendant&variant=45380373676282,suspended led lights,11
https://ledsone.co.uk/collections/pendant-lights?filter.p.m.custom.core=Ceiling+Light&filter.p.m.custom.model=Trendy+Pendant+light&filter.p.m.custom.size=10cm+diameter+2cm+height&variant=45380374102266,height adjustable pendant lights,18
https://ledsone.co.uk/collections/pendant-lights?filter.p.m.custom.core=Ceiling+Light&filter.p.m.custom.model=Trendy+Pendant+light&filter.p.m.custom.size=1m&variant=45380374102266,adjustable pendant lights,2
https://ledsone.co.uk/collections/pendant-lights?filter.p.m.custom.core=Ceiling+Light&filter.p.m.custom.model=Trendy+Pendant+light&filter.p.m.custom.size=Dia%2F26cm&variant=45380374102266,adjustable pendant lights,1
https://ledsone.co.uk/collections/pendant-lights?filter.p.m.custom.core=Ceiling+Light&filter.p.m.custom.model=Trendy+Pendant+light&filter.p.m.custom.size=Dia%2F8cm&variant=45380374102266,adjustable pendant light,1
https://ledsone.co.uk/collections/pendant-lights?filter.p.m.custom.core=Ceiling+Light&filter.p.m.custom.model=Trendy+Pendant+light&filter.p.m.custom.style=Industrial&variant=45380374102266,adjustable pendant light,1
https://ledsone.co.uk/collections/pendant-lights?filter.p.m.custom.core=Ceiling+Light&filter.p.m.custom.model=Trendy+Pendant+light&filter.p.m.custom.wattage=15W&variant=45380374102266,adjustable pendant lights,1
https://ledsone.co.uk/collections/pendant-lights?filter.p.m.custom.core=Ceiling+Light&filter.p.m.custom.model=Trendy+Pendant+light&filter.p.m.custom.wattage=60W&variant=45380374102266,adjustable pendant lights,1
https://ledsone.co.uk/collections/pendant-lights?filter.p.m.custom.core=Ceiling+Light&filter.p.m.custom.model=Trendy+Pendant+light&filter.p.m.custom.wattage=Max+60W&variant=45380374102266,adjustable height ceiling light,1
https://ledsone.co.uk/collections/pendant-lights?filter.p.m.custom.core=Ceiling+Light&filter.p.m.custom.size=Dia%2F15cm&variant=45380373676282,ceiling light 15,2
https://ledsone.co.uk/collections/pendant-lights?filter.p.m.custom.core=Ceiling+Light&filter.p.m.custom.size=Dia%2F6cm&variant=45380373872890,suspension led lighting,3
https://ledsone.co.uk/collections/pendant-lights?filter.p.m.custom.core=Ceiling+Light&variant=45380373840122,adjustable height ceiling light,1
https://ledsone.co.uk/collections/pendant-lights?filter.p.m.custom.core=Ceiling+Light&variant=45380374102266,cct adjustable pendant lights,6
https://ledsone.co.uk/collections/pendant-lights?filter.p.m.custom.core=Ceiling+Light&variant=45380374135034,adaptable lights,5
https://ledsone.co.uk/collections/pendant-lights?filter.p.m.custom.core=Pendant+Light&filter.p.m.custom.lighting_outlet=1+Way&variant=45380374102266,adjustable pendant lights,1
https://ledsone.co.uk/collections/pendant-lights?filter.p.m.custom.core=Pendant+Light&filter.p.m.custom.lighting_outlet=3+Way&filter.p.m.custom.model=Latest+pendant+shade&variant=45380373905658,suspension led lighting,1
https://ledsone.co.uk/collections/pendant-lights?filter.p.m.custom.core=Pendant+Light&variant=45380373840122,ceiling pendants,28
https://ledsone.co.uk/collections/pendant-lights?filter.p.m.custom.core=Pendant+light&filter.p.m.custom.lighting_outlet=4+Way&filter.p.m.custom.size=Dia%2F40cm&variant=45380373807354,4 light pendant,11
https://ledsone.co.uk/collections/pendant-lights?filter.p.m.custom.core=Pendant+light&variant=45380374102266,adjustable pendant light,1
https://ledsone.co.uk/collections/pendant-lights?filter.p.m.custom.holder_=E27&variant=45380373840122,dimmable led pendant light,1
https://ledsone.co.uk/collections/pendant-lights?filter.p.m.custom.led_wattage=4W&filter.p.m.custom.lighting_outlet=4+Way&filter.p.m.custom.size=Dia%2F40cm&variant=45380373807354,4 pendant ceiling light,3
https://ledsone.co.uk/collections/pendant-lights?filter.p.m.custom.led_wattage=60W&filter.p.m.custom.lighting_outlet=9+Way&variant=45380374102266,bespoke y shape led,12
https://ledsone.co.uk/collections/pendant-lights?filter.p.m.custom.length=10M&filter.p.m.custom.lighting_outlet=9+Way&variant=45380374102266,custom y-shape suspended led lighting,2
https://ledsone.co.uk/collections/pendant-lights?filter.p.m.custom.lighting_outlet=1+Way&filter.p.m.custom.wattage=15W&variant=45380374102266,ceiling light 15,3
https://ledsone.co.uk/collections/pendant-lights?filter.p.m.custom.lighting_outlet=3+Way&filter.p.m.custom.model=Cage+Pendant&filter.p.m.custom.size=Dia%2F41cm&variant=45380374102266,cct adjustable pendant lights,1
https://ledsone.co.uk/collections/pendant-lights?filter.p.m.custom.lighting_outlet=3+Way&variant=45380374102266,custom triangle suspended led lighting,10
https://ledsone.co.uk/collections/pendant-lights?filter.p.m.custom.lighting_outlet=4+Way&filter.p.m.custom.model=Shade+Pendant&filter.p.m.custom.size=Dia%2F40cm&variant=45380373807354,4 light pendant ceiling light,1
https://ledsone.co.uk/collections/pendant-lights?filter.p.m.custom.lighting_outlet=4+Way&filter.p.m.custom.size=Dia%2F40cm&filter.p.m.custom.wattage=Max+60W&variant=45380373807354,4 light pendants,1
https://ledsone.co.uk/collections/pendant-lights?filter.p.m.custom.lighting_outlet=4+Way&variant=45380373840122,4 light pendant,1
https://ledsone.co.uk/collections/pendant-lights?filter.p.m.custom.lighting_outlet=9+Way&filter.p.m.custom.model=Cage+Pendant&variant=45380374102266,custom octagon suspended led lighting,4
https://ledsone.co.uk/collections/pendant-lights?filter.p.m.custom.lighting_outlet=9+Way&filter.p.m.custom.size=50cm&variant=45380374102266,custom y-shape suspended led lighting,5
https://ledsone.co.uk/collections/pendant-lights?filter.p.m.custom.materials=Metal&filter.p.m.custom.model=Cage+Pendant&variant=45380374102266,custom octagon suspended led lighting,4
https://ledsone.co.uk/collections/pendant-lights?filter.p.m.custom.materials=Metal&variant=45380373840122,metallic pendant light,1
https://ledsone.co.uk/collections/pendant-lights?filter.p.m.custom.model=Shade+Pendant&filter.p.m.custom.size=10cm+diameter+2cm+height&variant=45380374102266,height adjustable pendant lights,1
https://ledsone.co.uk/collections/pendant-lights?filter.p.m.custom.model=Shade+Pendant&variant=45380373807354,led pendant,1
https://ledsone.co.uk/collections/pendant-lights?filter.p.m.custom.model=Trendy+Pendant+light&filter.p.m.custom.size=10cm+diameter+2cm+height&filter.p.m.custom.style=Modern&variant=45380374102266,adjustable height pendant light,2
https://ledsone.co.uk/collections/pendant-lights?filter.p.m.custom.size=Dia%2F12cm&variant=45380374102266,12 light pendant,2
https://ledsone.co.uk/collections/pendant-lights?filter.p.m.custom.size=Dia%2F15cm&filter.p.m.custom.style=Industrial&variant=45380373676282,ceiling light 15,8
https://ledsone.co.uk/collections/pendant-lights?filter.p.m.custom.size=Dia%2F30cm&variant=45380373905658,decorative light fittings 30,1
https://ledsone.co.uk/collections/pendant-lights?filter.p.m.custom.style=Industrial&variant=45380373840122,custom octagon suspended led lighting,1
https://ledsone.co.uk/collections/pendant-lights?filter.p.m.custom.style=Vintage&variant=45380373643514,discontinued lighting,1
https://ledsone.co.uk/collections/pendant-lights?page=1&variant=45380374102266,adaptable lights,7
https://ledsone.co.uk/collections/ph-bulbs,ledsone uk,1
https://ledsone.co.uk/collections/pipe-light-sales,industrial pipe lighting uk,12
https://ledsone.co.uk/collections/pipe-light-sales/custom-lighting,custom light pipes,41
https://ledsone.co.uk/collections/pipe-lighting,steampunk lighting,131
https://ledsone.co.uk/collections/pipe-lighting-accessories,industrial pipe lighting uk,43
https://ledsone.co.uk/collections/pipe-lighting/modern-lighting,led pipes,9
https://ledsone.co.uk/collections/pipe-lighting/pipe-ceiling-lights,industrial pipe lighting uk,8
https://ledsone.co.uk/collections/pipe-lighting/pipe-light-fixture,industrial pipe lighting uk,3
https://ledsone.co.uk/collections/pipe-lighting/pipe-lighting-ideas,industrial pipe lighting uk,13
https://ledsone.co.uk/collections/pipe-lighting/table-lighting,industrial pipe lighting uk,24
https://ledsone.co.uk/collections/pipe-lights-for-kitchen-lights,industrial pipe lighting uk,27
https://ledsone.co.uk/collections/plug-in-hanging-light,plug in chandelier,7
https://ledsone.co.uk/collections/plug-in-lighting-offer/wall-lights-for-pipe-lights,led pipe lights,1
https://ledsone.co.uk/collections/plug-in-wall-light,wall lighting plug in,115
https://ledsone.co.uk/collections/plugin-lighting,plug in pendant light,591
https://ledsone.co.uk/collections/pool-table-lights,pool table lights,107
https://ledsone.co.uk/collections/power-adapter-with-neon-flex-sales,plug-in power supply for neon flex,43
https://ledsone.co.uk/collections/power-adapters,12v transformer plug for led lights,95
https://ledsone.co.uk/collections/premium-lighting/products/10-pack-plastic-thick-zipper-document-file-wateoof-folder-5284?variant=45111411966202&currency=GBP,waterproof folder,1
https://ledsone.co.uk/collections/premium-lighting/products/100-pack-reusable-cable-ties-black-white-nylon-zip-ties?variant=55554037744002&currency=GBP,heavy duty reusable cable ties,1
https://ledsone.co.uk/collections/premium-lighting/products/10m-3core-twisted-electric-cable-covered-light-brown-color-fabric-flex-0-75mm?variant=54992741892482&currency=GBP,3 core braided electrical cable,1
https://ledsone.co.uk/collections/premium-lighting/products/2m-industrial-metal-ceiling-pendant-light-fitting-5882?variant=55036342043010&currency=GBP,2m long pendant light,1
https://ledsone.co.uk/collections/premium-lighting/products/3a-60a-lighting-chock-block-connection-12-way-electric-wire-terminal-connector?variant=34419249184929&currency=GBP,terminal block connector,1
https://ledsone.co.uk/collections/premium-lighting/products/4w-decorative-led-edison-bulb-non-dimmable-vintage-design-5614?variant=54868256883074&currency=GBP,e27 4w bulb,1
https://ledsone.co.uk/collections/premium-lighting/products/5-light-e27-pendant-adjustable-cable-with-swag-light?variant=44849079845114&currency=GBP,spider lights uk,1
https://ledsone.co.uk/collections/premium-lighting/products/8-12w-300ma-dc-25-45v-compact-constant-current-led-driver?variant=31497530507360&currency=GBP,uk,1
https://ledsone.co.uk/collections/premium-lighting/products/black-plastic-p-clips-clamp-fasteners-for-cable-conduit-5997?variant=55106323054978&currency=GBP,p clips 20mm,1
https://ledsone.co.uk/collections/premium-lighting/products/black-vintage-industrial-retro-style-steel-pipe-desk-table-lamp-light?variant=56577899856258&currency=GBP,black pipe lamp,1
https://ledsone.co.uk/collections/premium-lighting/products/hanging-handmade-hurricane-mosaic-pendant-lamps-antique-moroccan-ceiling-light-4969?variant=44562061328634&currency=GBP,hurricane ceiling light,1
https://ledsone.co.uk/collections/premium-lighting/products/industrial-metal-pendant-light-with-copper-shade?variant=56318107844994&currency=GBP,copper pendant lights,1
https://ledsone.co.uk/collections/premium-lighting/products/industrial-vintage-retro-flush-mount-glossy-shade-white-colour-ceiling-light-e27-uk?variant=42910418141434&currency=GBP,vintage flush ceiling lights uk,1
https://ledsone.co.uk/collections/premium-lighting/products/single-ceiling-pendant-lamp-shade-swag-hanging-light?variant=45073148969210&currency=GBP,swag light,1
https://ledsone.co.uk/collections/premium-lighting/products/single-ceiling-pendant-lamp-shade-swag-hanging-light?variant=45073149001978&currency=GBP,swag ceiling light,1
https://ledsone.co.uk/collections/premium-lighting/products/strong-packaging-fragile-printed-parcel-adhesive-tape-rolls?variant=45040516628730&currency=GBP,fragile packaging tape,1
https://ledsone.co.uk/collections/premium-lighting/products/vintage-decorative-industrial-retro-edison-bayonet-led-bulb-b22-base-light-bulb?variant=32056261640288&currency=GBP,bayonet bulb,1
https://ledsone.co.uk/collections/premium-lighting/products/vintage-fabric-flex-cable-plug-in-pendant-lamp-lighting-set-e27-fitting?variant=42234794737914&currency=GBP,plug in ceiling light,1
https://ledsone.co.uk/collections/premium-lighting/products/vintage-flush-ceiling-light-industrial-curvy-lamp-shades-retro-mount-indoor-lamp-1?variant=55583845515650&currency=GBP,industrial style kitchen lights,1
https://ledsone.co.uk/collections/premium-lighting/products/wall-light-copper-mounted-modern-industrial-shade-sconce-adjust-lamps?variant=55116745376130&currency=GBP,wall light adjustable,1
https://ledsone.co.uk/collections/pulley-wheel-pendant-light,adjustable pendant light pulley,60
https://ledsone.co.uk/collections/rattan-lamp,wicker lamp shades,228
https://ledsone.co.uk/collections/refurbished-products,refurbished lighting,25
https://ledsone.co.uk/collections/rose-gold-lighting,rose gold lamp,273
https://ledsone.co.uk/collections/rose-gold-lighting/rose-gold,rose gold ceiling light,78
https://ledsone.co.uk/collections/rose-gold-lighting/wall-lighting,wall lighting gold,19
https://ledsone.co.uk/collections/sale,ledsone uk limited,4
https://ledsone.co.uk/collections/sale/metal-pendant-light,metal pendant lights,7
https://ledsone.co.uk/collections/sale/pipe-light-fixture,industrial pipe lighting uk,3
https://ledsone.co.uk/collections/sales,ledsone uk limited,4
https://ledsone.co.uk/collections/semi-flush-lighting,semi flush pendant,1
https://ledsone.co.uk/collections/shade-ring,ring for light fixture,6
https://ledsone.co.uk/collections/shower-curtain,shower curtains,417
https://ledsone.co.uk/collections/single-outlet-ceiling-rose,ceiling rose light fitting,151
https://ledsone.co.uk/collections/single-outlet-ceiling-rose/all-ceiling-rose,ceiling roses for light fittings,2
https://ledsone.co.uk/collections/slim-transfomers,low voltage transformer,57
https://ledsone.co.uk/collections/spider-light,spider light,432
https://ledsone.co.uk/collections/spider-light-accessories,spider accessories,4
https://ledsone.co.uk/collections/spider-light/cafe-restaurants,spider lamps,1
https://ledsone.co.uk/collections/spider-light/wall-lights-for-wood-lights,spider wall light,12
https://ledsone.co.uk/collections/spider-lights-for-cafe-restaurant,chandelier spider,6
https://ledsone.co.uk/collections/storage-bags,wardrobe storage,438
https://ledsone.co.uk/collections/stylish-bedroom-lights-uk,bedroom fancy lights,1
https://ledsone.co.uk/collections/swan-neck-wall-lights,swan neck over cabinet lights,33
https://ledsone.co.uk/collections/switch-wall-light,switched wall lights,87
https://ledsone.co.uk/collections/switch-with-accessories,light switch accessories,10
https://ledsone.co.uk/collections/switches,light switch,223
https://ledsone.co.uk/collections/switches-and-sockets,led lights and sockets,73
https://ledsone.co.uk/collections/table-lamps,e27 table lamps,14
https://ledsone.co.uk/collections/tapes,tape,78
https://ledsone.co.uk/collections/three-outlet-lighting,3 bulb ceiling light,127
https://ledsone.co.uk/collections/types/products/balloon-shape-brushed-copper?_pos=4&_fid=d0181776b&_ss=c,balloon lampshade,2
https://ledsone.co.uk/collections/vendor-products-ceiling-rose-fitting-batch-3,ceiling rose fitting,16
https://ledsone.co.uk/collections/vendor-products-shade-batch-3,metal lamp shade,166
https://ledsone.co.uk/collections/vintage-bulbs,vintage light bulbs,419
https://ledsone.co.uk/collections/vintage-bulbs-4w,vintage bulbs,2
https://ledsone.co.uk/collections/vintage-bulbs/15-off,20 watt vintage light bulbs,37
https://ledsone.co.uk/collections/vintage-bulbs/ceiling-lights,ceiling light bulbs,41
https://ledsone.co.uk/collections/vintage-bulbs/e27,antique led lamps,1
https://ledsone.co.uk/collections/vintage-bulbs/incandescent-bulbs,vintage incandescent,2
https://ledsone.co.uk/collections/vintage-bulbs/new-arrivals,20 watt vintage light bulbs,8
https://ledsone.co.uk/collections/vintage-bulbs/typeg125,vintage filament g125,19
https://ledsone.co.uk/collections/vintage-bulbs/vintage-bulb,led edison bulb,96
https://ledsone.co.uk/collections/vintage-bulbs/vintage-bulbs,edison lightbulb,17
https://ledsone.co.uk/collections/vintage-cables,light cable wire,94
https://ledsone.co.uk/collections/vintage-fabric-cables,led cable,121
https://ledsone.co.uk/collections/vintage-fitting-best-offer/living-or-dining-room-lighting,retro fitting lighting,1
https://ledsone.co.uk/collections/vintage-fittings-for-pendant-lights,vintage ceiling lights,345
https://ledsone.co.uk/collections/vintage-lighting,vintage lighting,364
https://ledsone.co.uk/collections/vintage-lighting/lighting-set,vintage lighting,54
https://ledsone.co.uk/collections/vintage-lighting/products/woven-light-creative-chandeliers-decoration-pendant-light-cage?_pos=2&_fid=3b706a22d&_ss=c,woven light shades,1
https://ledsone.co.uk/collections/vintage-lighting/vintage-lights-for-kitchen-lights,light fitting vintage,2
https://ledsone.co.uk/collections/vintage-lights-for-kitchen-lights,vintage kitchen lighting,76
https://ledsone.co.uk/collections/vintage-lights-for-kitchen-lights/pendant-lights-for-kitchen-lights,kitchen vintage lighting,1
https://ledsone.co.uk/collections/wall-lamp-collection-at-affordable-prices,affordable wall lighting,32
https://ledsone.co.uk/collections/wall-light,wall sconces,323
https://ledsone.co.uk/collections/wall-lights-for-bedroom-lights,wall lights uk,82
https://ledsone.co.uk/collections/wall-lights-for-bedroom-lights/wall-lights-for-bedroom-lights,bedroom wall lights,499
https://ledsone.co.uk/collections/wall-lights-for-cafe-restaurant,restaurant wall lights,53
https://ledsone.co.uk/collections/wall-lights-for-home-office-lights,industrial wall lights,53
https://ledsone.co.uk/collections/wall-lights-for-wood-lights,wooden wall lamp,18
https://ledsone.co.uk/collections/wall-lights-for-wood-lights/25off,site:ledsone.co.uk,1
https://ledsone.co.uk/collections/warm-white-vintage-bulbs,warm light bulb,121
https://ledsone.co.uk/collections/waterproof-transformers,weatherproof converter,33
https://ledsone.co.uk/collections/weekly-promotion-offer?filter.p.m.custom.ceilingrose_type=Round+Shape,custom made circular led,18
https://ledsone.co.uk/collections/weighing-scale,weight scale,243
https://ledsone.co.uk/collections/white-board,white board,341
https://ledsone.co.uk/collections/wire-cage,cage lamp shade,115
https://ledsone.co.uk/collections/wire-cage-pendant-light,metal pendant light,180
https://ledsone.co.uk/collections/wire-cage-pendant-light/living-or-dining-room-lighting,cage pendant light edison bulb uk buy,1
https://ledsone.co.uk/collections/wire-cage-pendant-light/pendant-lights,caged hanging light,1
https://ledsone.co.uk/collections/wire-cage/pendant-lights,pendant cage lights,1
https://ledsone.co.uk/collections/wire-cage/wire-cage,cage pendant light edison bulb uk buy,1
https://ledsone.co.uk/collections/wire-connecter-with-ceiling-rose-brackets,ceiling light connector,257
https://ledsone.co.uk/collections/wire-connectors,cable connectors,1689
https://ledsone.co.uk/collections/wire-connectors-junction-box,cable connectors,91
https://ledsone.co.uk/es/collections/2core-twisted,cable de tela,1
https://ledsone.co.uk/es/collections/ceiling-lighting,ledsone,3
https://ledsone.co.uk/es/collections/ceiling-lights-for-flash-lights,ceiling mounted lights,4
https://ledsone.co.uk/es/collections/ceiling-lights-for-panel-lights,panel techo led,1
https://ledsone.co.uk/es/collections/dc-5v-transformer,convertidor de 12v a 5v,1
https://ledsone.co.uk/es/collections/e14-base-bulb,small edison screw,2
https://ledsone.co.uk/es/collections/glass-lamp-shades,glass for lighting solutions,3
https://ledsone.co.uk/es/collections/holder,lamp holder,2
https://ledsone.co.uk/es/collections/incandescent-bulbs,incandescent bulb lamp,1
https://ledsone.co.uk/es/collections/kitchen-lights-for-over-table,lamparas colgantes isla cocina,2
https://ledsone.co.uk/es/collections/kitchen-lights-for-over-table?page=2,kitchen lights,4
https://ledsone.co.uk/es/collections/office-lighting,ledsone,3
https://ledsone.co.uk/es/collections/pendant-lights,ledsone,3
https://ledsone.co.uk/es/collections/plugin-lighting,ledsone,3
https://ledsone.co.uk/es/collections/rattan-lamp,rattan ceiling lamps,6
https://ledsone.co.uk/es/collections/single-outlet-ceiling-rose,ceiling rose,1
https://ledsone.co.uk/es/collections/spider-light,spider lighting,1
https://ledsone.co.uk/es/collections/stylish-lights,ledsone,9
https://ledsone.co.uk/es/collections/super-deal,ledsone,7
https://ledsone.co.uk/es/collections/vintage-lighting,vintage lighting,2
https://ledsone.co.uk/nl/collections/bedroom-lighting/pipe-light-fixture,light fixture,7
https://ledsone.co.uk/nl/collections/belt,lehr belts,9
https://ledsone.co.uk/nl/collections/decking-tiles,interlocking deck tiles,1
https://ledsone.co.uk/nl/collections/energy-saving-led-light-bulbs,energy saving light bulbs,47
https://ledsone.co.uk/nl/collections/hooks-and-rings,light fixings,4
https://ledsone.co.uk/nl/collections/indoor-wall-lamps,vintage wandlamp,1
https://ledsone.co.uk/nl/collections/kitchen-lights-for-over-table,keukeneiland verlichting,6
https://ledsone.co.uk/nl/collections/led-modules,led modules,77
https://ledsone.co.uk/nl/collections/multi-outlet-lighting/vintage-lights-for-kitchen-lights,vintage canteen lights,1
https://ledsone.co.uk/nl/collections/non-dimmable-led-bulbs,non integrated led lighting,1
https://ledsone.co.uk/nl/collections/outdoor-lights-with-sensor,external light level sensors,17
https://ledsone.co.uk/nl/collections/pipe-lighting/pipe-lighting-ideas,pipework lighting,2
https://ledsone.co.uk/nl/collections/spider-light,spider light,3
https://ledsone.co.uk/nl/collections/vintage-fitting-best-offer/ceiling-lights-for-kitchen-lights,vintage canteen lights,3
https://ledsone.co.uk/nl/collections/vintage-lights-for-kitchen-lights/pendant-lights-for-kitchen-lights,vintage style kitchen lighting,3
https://ledsone.co.uk/nl/collections/wall-lamp-collection-at-affordable-prices,wall lighting price drop,23
https://ledsone.co.uk/nl/collections/wall-lights-for-bedroom-lights,wandlampen,4
https://ledsone.co.uk/pl-pl/collections/bath-set,luxury bathroom accessories,20
https://ledsone.co.uk/pl-pl/collections/ceiling-roses,ceiling light roses,10
https://ledsone.co.uk/pl-pl/collections/chandelier,large crystal chandelier manufacturers uk,10
https://ledsone.co.uk/pl-pl/collections/cord-grip-and-hanging-chains,chain lights,12
https://ledsone.co.uk/pl-pl/collections/country-house,western light fixture,1
https://ledsone.co.uk/pl-pl/collections/decking-tiles,decking tiles,114
https://ledsone.co.uk/pl-pl/collections/dimmable-led-bulbs/led-bulbs,dimmable e27 led light bulbs,6
https://ledsone.co.uk/pl-pl/collections/easy-fit-metal-shade,durable steel shade lamp,18
https://ledsone.co.uk/pl-pl/collections/holder-1,lampholders,6
https://ledsone.co.uk/pl-pl/collections/kitchen-lighting/pendant-lights,painted kitchen lights,29
https://ledsone.co.uk/pl-pl/collections/kitchen-lights-for-over-table,kitchen pendant lighting,34
https://ledsone.co.uk/pl-pl/collections/lampshades/lamp-spare-parts-sales,lamp shade parts,16
https://ledsone.co.uk/pl-pl/collections/lampshades/vintage-fittings-for-pendant-lights,vintage ceiling lamp shades,1
https://ledsone.co.uk/pl-pl/collections/laundry-bags,laundry bag,87
https://ledsone.co.uk/pl-pl/collections/non-dimmable-led-bulbs,dimmable light bulbs,1
https://ledsone.co.uk/pl-pl/collections/outdoor-wall-lights,new season lighting - outdoor lights,5
https://ledsone.co.uk/pl-pl/collections/pool-table-lights,pooltable lights,1
https://ledsone.co.uk/pl-pl/collections/switch-wall-light,wall spotlight with switch,7
https://ledsone.co.uk/pl-pl/collections/vintage-lights-for-kitchen-lights/decorative-lights,kitchen vintage lighting,1
https://ledsone.co.uk/pl-pl/collections/wire-cage-pendant-light/lampshade,light cage shade,2
https://ledsone.co.uk/pl/collections/all/vintage-bulbs,20 watt vintage light bulbs,10
https://ledsone.co.uk/pl/collections/artificial-flower-pots,flower pots and artificial flowers,1
https://ledsone.co.uk/pl/collections/b22-base-bulb,led light bayonet bulbs,1
https://ledsone.co.uk/pl/collections/bath-set,luxury bathroom accessories,81
https://ledsone.co.uk/pl/collections/bedroom-lighting/vintage-fittings-for-pendant-lights,retro bedroom lighting,1
https://ledsone.co.uk/pl/collections/ceiling-lights-for-flash-lights,ceiling mounted lights,72
https://ledsone.co.uk/pl/collections/chandelier,chandelier lights,15
https://ledsone.co.uk/pl/collections/chandelier-type-ceiling-lights,ceiling light crystal modern,2
https://ledsone.co.uk/pl/collections/commercial-lighting-for-restaurants-uk,commercial lighting for restaurants uk,2
https://ledsone.co.uk/pl/collections/cord-grip-and-hanging-chains,chandelier chain,23
https://ledsone.co.uk/pl/collections/e14-base-bulb,candle small screw bulb,1
https://ledsone.co.uk/pl/collections/easy-fit-metal-shade,durable steel shade lamp,1
https://ledsone.co.uk/pl/collections/easy-fit-shades,light cage shade,2
https://ledsone.co.uk/pl/collections/easy-fit-shades/easy-fit-metal-shade,durable steel shade lamp,8
https://ledsone.co.uk/pl/collections/hemp-rope-lights-any-rooms-offer,rope lamps uk,1
https://ledsone.co.uk/pl/collections/hooks-and-rings,light cords,28
https://ledsone.co.uk/pl/collections/incandescent-bulbs,incandescent bulbs,4
https://ledsone.co.uk/pl/collections/ip20-led-power-supplies,ip20 adapter,4
https://ledsone.co.uk/pl/collections/junction-box,junction boxes,11
https://ledsone.co.uk/pl/collections/kitchen-lighting,kitchen lighs,1
https://ledsone.co.uk/pl/collections/kitchen-lighting/pendant-lights,painted kitchen lights,2
https://ledsone.co.uk/pl/collections/kitchen-lighting/pendent-lights,pendant kitchen lights uk,42
https://ledsone.co.uk/pl/collections/latest-pendent-shade/rattan-lamp,rattan ceiling & lamp shades,9
https://ledsone.co.uk/pl/collections/laundry-bags,site:ledsone.co.uk,1
https://ledsone.co.uk/pl/collections/led-bulbs/e14-base-bulb,e 14 e 27,1
https://ledsone.co.uk/pl/collections/led-panels,dimmable led panel,78
https://ledsone.co.uk/pl/collections/lighting-set/glass-pendant-light,glass pendant light vintage,3
https://ledsone.co.uk/pl/collections/living-or-dining-room-lighting,dining room led lighting,16
https://ledsone.co.uk/pl/collections/new-arrivals/lampshade-fitter,lamp bulb holders uk,7
https://ledsone.co.uk/pl/collections/office-items,document bags,6
https://ledsone.co.uk/pl/collections/outdoor-wall-lights,outdoor lights for house,51
https://ledsone.co.uk/pl/collections/pipe-lighting/pipe-lighting-ideas,industrial pipe lighting uk,2
https://ledsone.co.uk/pl/collections/pulley-wheel-pendant-light,pendant lights with pulleys,1
https://ledsone.co.uk/pl/collections/rose-gold-lighting,rose gold hanging lamp,1
https://ledsone.co.uk/pl/collections/single-outlet-ceiling-rose,types of ceiling rose,2
https://ledsone.co.uk/pl/collections/swan-neck-wall-lights,outdoor swan neck lights,1
https://ledsone.co.uk/pl/collections/switches-and-sockets,light sockets,6
https://ledsone.co.uk/pl/collections/tapes,types of tape,11
https://ledsone.co.uk/pl/collections/tiffany-pendant-lights,tiffany none electrical pendants,6
https://ledsone.co.uk/pl/collections/transformers,lighting transformers,1
https://ledsone.co.uk/pl/collections/vintage-bulbs,retro bulbs led,1
https://ledsone.co.uk/pl/collections/vintage-bulbs/incandescent-bulbs,retro incandescent light bulbs,2
https://ledsone.co.uk/pl/collections/vintage-bulbs/typeg125,vintage bulbs,1
https://ledsone.co.uk/pl/collections/vintage-lighting,light fitting vintage,4
https://ledsone.co.uk/pl/collections/vintage-lighting/lighting-set,vintage & retro lighting,1
https://ledsone.co.uk/pl/collections/vintage-lights-for-kitchen-lights,vintage canteen lights,1
https://ledsone.co.uk/pl/collections/wall-lamp-collection-at-affordable-prices,wholesale wall lights,8
https://ledsone.co.uk/pl/collections/wall-light-any-room-sales/easy-fit-wire-cage,light cage shade,1
https://ledsone.co.uk/pl/collections/wall-lights-for-bedroom-lights,wall lights uk,68
https://ledsone.co.uk/pl/collections/wall-lights-for-bedroom-lights/wall-lights-for-bedroom-lights,luxury wall lights for the bedroom,4
https://ledsone.co.uk/pl/collections/weighing-scale,professional weighing scales,36
https://ledsone.co.uk/pl/collections/white-board,whiteboard for home,33
https://ledsone.co.uk/pl/collections/wire-cage,light cage shade,2
https://ledsone.co.uk/pl/collections/wire-cage-pendant-light/pendant-lights,light cage fixture,1
https://ledsone.co.uk/pl/collections/wire-connecter-with-ceiling-rose-brackets,wire connecter,1
https://ledsone.co.uk/web-pixels@1e0b1122w61c904dfpc855754am2b403ea2/custom/web-pixel-232456578@1/sandbox/modern/collections/catalog_lampshades/products/modern-pink-colour-creative-personality-metal-wall-light-lamp-shades?_pos=14&_fid=5580aa3b4&_ss=c,pink wall lighting,28
https://ledsone.co.uk/web-pixels@3918e4e0wbf3ac3cepc5707306mb02b36c6/custom/web-pixel-38666490@2/sandbox/modern/collections/vintage-cables/products/5m-black-and-white-color-3-core-twisted-electric-cable-solid-fabric-0-75-mm-4817?_pos=26&_fid=5ed9282d9&_ss=c,oude kleuren stroomdraad,1
https://ledsone.co.uk/web-pixels@da62cc92w68dfea28pcf9825a4m392e00d0/custom/web-pixel-232456578@1/sandbox/modern/collections/pendant-lights/products/industrial-vintage-single-ceiling-pendant-lighting-metal-cone-yellow-brass-lampshade-e27-uk-holder?_pos=123&_fid=4c0588e52&_ss=c,lampenkap industrieel,12
