product_id,handle
6765736722593,wall-lamp-holder-kit-e27-base-bulb-holder-light-fitting
8161314111738,vintage-plug-in-wall-lights-2m-cable-dimmer-switch-wall-sconce-lamp
5241118064801,plug-in-wall-light-wall-mounted-for-bedroom-shelf-wall-sconce-light
8011072012538,black-wall-lamp-on-the-left-resin-bird-wall-sconce-4779
6542306410657,wall-lighting-industrial-sconce-wall-lamp-light-holder-fixtures
7998887231738,10w-led-modern-ip54-curved-wall-light-with-pir-motion-sensor
7560180334842,grey-shade-with-adjustable-curvy-swing-arm-wall-light-fixture-loft-style-industrial-wall-sconce
7998922031354,led-up-down-wall-light-motion-detector-indoor-outdoor-wall-lights
7661573800186,brass-wall-lights
6987584077985,swan-neck-wall-light-indoor-lamp
8006273859834,industrial-wooden-hemp-rope-e27-wall-mounted-sconce-4568
14881058324866,rotatable-metal-wall-spotlight-gu10-conduit-light-fixture-5642
7961561334010,vintage-retro-modern-plug-in-wall-light
6741957804193,umbrella-wall-sconce
14872946311554,vintage-metal-shade-swan-neck-wall-sconce-wall-light
8010522525946,e27-bulb-holder-socket-for-wall-sconce-lamp-light-hanging-mounted-180-degree-adjustable-4737
4436070793312,rustic-red-steel-pipe-wall-vintage-industrial-retro-style-lamp-light
14879664472450,wall-and-ceiling-adjustable-e14-spotlight-with-ceiling-plate-for-conduit-lighting
8010477207802,black-cone-shade-wall-lighting-adjustable-arm-4717
6765700219041,swan-neck-wall-light-outdoor
14958851326338,vintage-industrial-e27-metal-wall-sconce-wall-mounted-light
4612919066720,vintage-industrial-style-indoor-single-wall-lights-scone-down-lights-porch-lamps
5360689283233,industrial-retro-ribbed-glass-wall-lights-adjustable-arm-glass-wall-light
4417294893152,wire-cage-wall-lighting
15260815720834,exposed-conduit-wall-light
14959094563202,industrial-wall-light-metal-wire-cage-e27-wall-sconce-fitting-6016
7630664532218,vintage-retro-industrial-copper-colour-metal-lampshade-sconce-wall-lights-uk-holder
4484056678496,details-about-industrial-retro-vintage-style-adjustable-glass-wall-light-sconce-lamp-fitting
6052094935201,indoor-wall-fitting-lounge-light-fittings
8645782274298,industrial-metal-rustic-twin-waterpipe-wall-light
4506283442272,wall-light-copper-mounted-modern-industrial-shade-sconce-adjust-lamps
5238217769121,wall-lamp-retro-wheel-light-rustic-vintage-pipe-industrial-steampunk-lighting
8005846204666,vintage-hemp-rope-e27-base-swan-neck-wall-light-4550
6542267646113,indoor-retro-sconce-wall-light-fitting-fixture
4590505033824,vintage-retro-modern-plug-in-wall-sconces
8160579059962,metal-cone-shape-shade-plug-in-wall-light-with-dimmer-switch
8100579639546,industrial-3-pin-plug-in-wall-light-cone-shade-dimmer-switch
7429687967994,metal-light-fixture
5244462203041,modern-grey-colour-creative-personality-metal-wall-light-lamp-shades
4484056449120,bedside-glass-wall-light
4417271267424,wall-sconces-light-black-industrial-vintage-simplicity-lamp
4417290240096,unusual-contemporary-wall-lights
8493909770490,vintage-sconce-e27-industrial-edison-wall-loft-retro-lamp-light-holder-set
8155725988090,plug-in-wall-light-indoor-wall-lamp-with-dimmer-switch-metal-e27-5258
6894988951713,white-plug-in-wall-light-adjustable-wall-sconce
14900890435970,vintage-industrial-wall-light-retro-e27-sconce-fixture-5705
6022553632929,living-room-wall-light
14925001392514,modern-industrial-wall-light-vintage-retro-style-metal-sconce-wall-lamp-fixtures
7694649098490,industrial-vintage-modern-retro-swan-neck-metal-arm-e27-sconce-grey-wall-mount-light
4619926503520,vintage-style-sconce-lamp-fitting-kit-uk
4417289257056,rustic-wall-sconces-wire-cage-black-industrial-wall-light-lampshade
7606776889594,vintage-retro-industrial-chrome-wall-light-shade-modern-style-high-polished-wall-sconce
6001950916769,glass-lampshade-modern-style-wall-lights-perfect-for-decorative-on-wall
6001950490785,industrial-ribbed-glass-wall-lights-replacement-lampshades-for-wall-lights
8629279588602,waterproof-wall-sconce
6956180275361,industrial-wall-mounted-pulley-wheel-light-retro-metal-cylinder-shape-shade-indoor-light-fixture
14878296572290,black-dome-shape-metal-wall-lights
7500120195322,industrial-metal-wall-light-fitting-vintage-cone-shape-wall-sconce
6994098520225,galvanized-pipe-ceiling-light-fitting-metal-lamp-fixture
6022553796769,copper-indoor-industrial-wall-light-modern-wall-sconce-fittings-e27-socket
5360818946209,vintage-retro-light-shade-ceiling-industrial-e27-wall-lights-sconce-lamp-fixture
14874202472834,conduit-pipe-wall-light-vintage-industrial-indoor-e27-lamp-fitting-for-indoor-use-1
6761777496225,short-arm-half-thin-holder-wall-light
6001951015073,industrial-glass-wall-light-amber-glass-cone-replacement-lampshade
4495471706208,vintage-industrial-retro-loft-brushed-copper-wall-sconce-wall-lights-porch-lamp
14928396386690,vintage-plug-in-wall-light-2m-dimmer-lampshade
14898962596226,industrial-20mm-conduit-pipe-wall-lighting-kit-5701
7642578878714,industrial-vintage-retro-red-wall-sconces-e27-uk-holders
6754501558433,plug-in-wall-mounted-lights-4m-fabric-braided-cable-rose-gold
6542267515041,yellow-brass-metal-iron-wall-sconce-light-fixture-industrial-retro-lighting
7560179319034,red-modern-retro-style-glossy-wall-sconce-wall-light-lamp-fixture
4568069505120,gold-wall-mount-light
14925037011330,modern-swan-neck-indoor-wall-light-5772
6741957542049,flat-wall-light-wall-lamp
5525675081889,vintage-industrial-wall-mounted-light-multi-colour-sconce-lamp-fixture-wall-lamp
14937984106882,satin-nickel-wall-light-lamp-sconces-living-room-home-decor-1
14899845497218,industrial-conduit-pipe-2way-light-wall-lamp-kit
7560180465914,green-shade-with-adjustable-curvy-swing-arm-wall-light-fixture-loft-style-industrial-wall-sconce
5854047240353,rustic-red-loft-style-wall-lamp-antique-lift-retractable-pulley-wall-lighting
14928361324930,dimmable-plug-in-wall-light-2m-vintage-industrial-sconce
8017508073722,led-outdoor-wall-light
8006295945466,industrial-wood-hemp-rope-wall-light-metal-cage-scone
7500237897978,vintage-industrial-swan-neck-wall-light-indoor-sconce-metal-cone-shape-shade-for-basement-bedroom-dining-room-garage
4417291649120,lampshade-wall-light-wall-light-chandelier-shades
15123994182018,industrial-indoor-plug-in-wall-light-with-dimmer
14879662702978,stylish-fixed-dual-head-gu10-wall-light-for-modern-interiors
14874199589250,industrial-wall-sconce-metal-shade-wall-light-fittings
8630284812538,retro-fittings-industrial-wall-sconce-metal-rainproof-light-5526
7560410005754,copy-of-wall-sconce-with-black-cone-shape-shade
6981162860705,vintage-industrial-wall-lights-fittings-indoor-sconce-black-metal-home-office-lamp-shade
6928893870241,modern-vintage-industrial-retro-wall-mounted-light-black-sconce-with-barrel-cage-lamp-fixture-light-uk
5887546818721,brushed-brass-metal-wall-lights-industrial-style
4575543459936,industrial-grey-colour-wall-lamp-retro-light-vintage-wall-sconce-lights
4489762373728,modern-retro-vintage-industrial-wall-mounted-light-rustic-sconce-lamp-fixture-uk
15260951642498,wall-scone
8114229444858,wood-wall-lamp-light-5166
8100986945786,wall-mounted-bedside-lamps
7998902763770,modern-led-outdoor-wall-light-for-porch-garden-lighting-7w
7041188397217,cone-wall-light-for-kitchen
5742321107105,vintage-cage-wall-light
4590559723616,antique-adjastable-wall-sconce-lamp
4488111128672,modern-retro-vintage-industrial-wall-mounted-light-rustic-sconce-lamp-fixture
15311809315202,pair-of-plug-in-wall-light
15267802055042,adjustable-wall-sconce
15189300052354,ceiling-light-fixture-1
15071739019650,rustic-vintage-wall-light-antique-metal-sconce-with-e27-bulb-holder
15069278798210,galvanized-outdoor-wall-light-e27-vintage-barn-lamp
14951542096258,modern-vintage-industrial-wall-sconce-light-cage-lamp-fitting-fixture-5971
14932718879106,retro-industrial-metal-lampshade-wall-adjustable-light
14928392388994,industrial-wall-light-metal-sconce-wall-lamp-fixtures
14927629844866,plug-in-wall-fitting-4m-table-bedside-lamps
8071288324346,wire-cage-industrial-wall-sconce-plug-in-wall-light-vintage-style-5059
6761677750433,105mm-short-arm-full-thin-holder-wall-light
6741957607585,wall-sconce-with-black-cone-shape-shade
6637700022433,modern-vintage-retro-industrial-wall-sconce-light-plug-in-wall-lamp-rose-gold-arm-with-dimmer-switch-lamp-shade
5373911892129,industrial-wall-light-for-bedroom
4505246793824,vintage-retro-industrial-rustic-sconce-wall-light-lamp-fitting-fixture-modern
4505246105696,vintage-industrial-rustic-sconce-wall-light-modern-retro-lamp-fitting-fixture
15293724885378,vintage-brass-wall-sconce-adjustable-clear-glass-wall-lamp-6719
15293722722690,adjustable-vintage-brass-wall-sconce-smoked-grey-glass-wall-lamp-6718
15293716693378,vintage-brass-wall-sconce-with-amber-glass-shade-e27
15170968781186,industrial-rustic-wall-lighting-fixtures
14927479144834,vintage-industrial-wall-light-e27-porch-lamp-shade-uk-plug-in-wall-light-sconces
14879661883778,wall-mounted-rotatable-gu10-spotlight-single-head-wall-light-with-switch
8102757761274,vintage-metal-balloon-cage-wall-light-adjustable-socket-wire-cage-5122
8017498210554,cuboid-box-12w-up-down-ip54-led-outdoor-wall-sconce-light-fixture-4963
8017447452922,6w-led-outdoor-wall-lamp-aluminum-exterior-ip54-down-wall-light-4960
7982121517306,industrial-chrome-colour-wall-light-fixture-vintage-electroplating-wall-sconce-180-degree-adjustable-e27-base-4183
7659906957562,industrial-vintage-metal-black-wall-lamp-e27-uk-holder
7560398700794,vintage-wall-lamp-retro-wood-wall-lights-sconce
7560181154042,modern-combined-solid-wooden-arm-chandelier-lighting-with-black-cone-shaped-metal-shade-wall-sconce
7500108857594,retro-industrial-wall-mounted-vintage-wall-designer-indoor-light-fixture-lamp-fitting
6999220813985,modern-industrial-wall-mounted-light
6966867165345,rustic-wall-lights
5719792648353,wall-light-lamp-sconce-curvy-shaped-lamp-shade-with-u-bend-handle
5355945885857,vintage-black-swan-neck-wall-light
4528320741472,vintage-style-adjustable-copper-color-wall-lights-sconce-lamp-fitting-kit
4528319823968,modern-retro-industrial-green-color-wall-mounted-lights-rustic-sconce-lamps-fixture
4495471444064,rustic-silver-industrial-vintage-retro-loft-wall-sconce-wall-lights-porch-lamp
15172188242306,2m-plug-in-wall-scone-with-dimmer
15170956263810,dimmer-wooden-wall-light
15065372787074,6212
14929082253698,modern-led-up-down-wall-sconce-wall-mounted-light-5848
14924960235906,plug-in-wall-light-kit-dimmer-uk-plug-flex-wire
8623658926330,industrial-wall-light-metal-lampshade-sconce-wall-light-fixture
7673413828858,industrial-vintage-retro-wall-lamp-indoor-e27-edison-satin-nickel-lighting-sconces
7645788111098,industrial-vintage-retro-rose-gold-sconce-wall-light-lamp-fitting-fixture
7560182497530,22cm-cone-metal-shade-wall-lights-for-living-room
7560179908858,brushed-copper-metal-curvy-brushed-industrial-wall-mounted-wall-lamp-light
6964730101921,modern-black-plugin-wall-light-fitting-cone-metal-shade-indoor-sconce-light-for-home-office-study-kitchen-living-room-lounge-patio-playroom-porch-terrace
6052094509217,modern-vintage-black-wall-lights-indoor-industrial-wall-sconce-lighting
6026304487585,rose-gold-industrial-vintage-retro-metallic-sconce-wall-light-lamp-fitting
6022552617121,wall-lights-sconces
4589284917344,modern-double-wall-light
4509718741088,industrial-wall-mounted-e27-light-curvy-shade-industrial-wall-light
4488111882336,cone-wall-light
15270469009794,metal-wall-sconce-with-shade
15270014648706,industrial-vintage-wall-sconce-with-brass-accents
15211900993922,conduit-pipe-wall-light
15194277577090,metal-wall-sconce-with-switch
14953771008386,modern-led-wall-sconce-ip54-indoor-outdoor-light-fixture
14933997158786,metal-wall-light-sconce-adjustable-e27
14933888237954,plug-in-wall-sconces-modern-indoor-bedside-lights
14933204926850,2m-plugin-pendant-light-kit-dimmer-switch-bedside-desk-lamp-uk-plug-flex-wire-3850
14878792417666,adjustable-swivel-wall-sconce-with-on-off-switch-for-custom-lighting
8113773379834,metal-shade-wall-sconce-light
8009491218682,modern-led-black-cone-shade-gu10-wall-lamp-aluminum-downlight
7999167463674,outdoor-wall-lights-for-garden
7645788373242,industrial-vintage-modern-single-white-wall-sconce-lamp
7630663811322,modern-industrial-vintage-indoor-black-colour-wall-light-lamp-fitting-fixture-e27-holder-uk
7560179712250,modern-vintage-retro-style-glossy-wall-sconce-wall-light-lamp-fixture
6903377625249,industrial-wall-light-retro-wall-lamp-with-dome-metal-shade-e27-indoor-wall-lighting-fixtures
6891291967649,modern-copper-metal-wall-light-lamp-sconce-fixture-bedroom-hallway-with-e27-base
6869586149537,vintage-modern-indoor-wall-sconce-wall-light-lamp-fitting-fixture-for-bar-bedroom-dining-room-guestroom
6637698613409,metal-wall-sconce-e27-screw-holder-industrial-lamp-retro-lights-black-wall-light-fixture
6634014736545,wall-lamp-minimalist
6026301472929,copper-industrial-vintage-retro-metallic-sconce-wall-light-lamp-fitting
5753361891489,yellow-brass-metal-wall-lights-shade-indoor-retro-wall-sconce-lighting-wall-lamp
5596088041633,brass-wall-light
5315457712289,industrial-wall-mounted-lights-black-sconce-wire-cage-lamps-set
4576634732640,3-pack-vintage-lamp-retro-wall-light-white-lamp-fixtures
4575543525472,industrial-yellow-colour-wall-lamp-retro-light-vintage-wall-sconce-lights
4506281672800,modern-wall-light-indoor-sconce-lighting-lamp-fixture-with-led-bulb
4502516269152,satin-nickel-wall-light-lamp-sconces-living-room-home-decor
4488111587424,retro-vintage-light-shade-ceiling-lifting-swan-neck-industrial-wall-lamp-fixture
4484201775200,modern-wall-lamp-retro-industrial-iron-bird-cage-wall-light-adjustable-sconce
15319688511874,wooden-wall-light-e27-amber-glass-sconce-indoor-vintage-lamp
15312332063106,burgundy-wall-scone
15273888153986,vintage-industrial-wall-sconce-black-steampunk-pipe-light
15261964927362,metal-wall-sconce
15261926687106,wire-cage-wall-sconce
15217364730242,modern-industrial-pendant-light-fixture-6514
15212198625666,wall-sconce-fixture
15210987028866,vintage-wall-light-retro-industrial-cage-wall-lights-indoor-fitting-sconce-lamps
15143265239426,industrial-vintage-rustic-steampunk-style-wall
15070133158274,modern-vintage-industrial-antique-brass-black-scone-wall-light-lamp-shade
15069263692162,vintage-modern-indoor-white-wall-sconce-wall-light-e27-lamp-fitting-fixture
15069255532930,vintage-modern-indoor-wall-sconce-wall-light-lamp-fitting-fixture
15008542491010,industrial-pipe-floor-pipe-lamp-conduit-wall-light-6143
14984874131842,industrial-conduit-plumbing-pipe-straight-wall-light-kit-6118
14970823049602,industrial-metal-arm-wall-sconce-e27-copper-light-fixture
14958826324354,vintage-swan-neck-wall-sconce-wall-lamp-light-fitting-6008
14957531332994,new-vintage-industrial-retro-flat-metal-ceiling-lamp-modern-pendant-light-shade-1
14934032843138,2m-plug-in-wall-lamp-modern-vintage-industrial-sconce
14927568077186,metal-swan-neck-wall-sconce-copper-5799
14924984648066,vintage-wall-lights-e27-fittings-indoor-sconce-metal-shade-retro-lamp-5765
14896149889410,industrial-2-way-cage-wall-light-light-fixtures-5699
14879696290178,modern-led-cone-shade-wall-lamp-downlight-fixture
8630679011578,industrial-antique-amber-glass-shades-wall-light-fixture
8063044157690,modern-smoky-glass-wall-lamp-chrome-plate-e27-base-indoor-wall-sconce-5057
8062830182650,smoky-gray-glass-wall-lamp-chrome-plating-wall-light
8017518985466,flat-cover-head-garden-outdoor-wall-lamp-single-light-4965
8014234517754,candle-light-curved-arm-candle-wall-light-single-head-wall-sconce-for-home-decorating-4937
7642581729530,industrial-vintage-retro-blue-wall-sconces-e27-uk-holders
7560181809402,black-wall-light-fitting-metal-big-vase-shape-shade-sconce-indoor-light-fittings
7487425118458,2-pack-white-retro-wall-light-white-lamp-fixtures
6981383192737,modern-industrial-retro-vintage-wall-mount-indoor-lamp-fixture-kitchen-island
6935633068193,industrial-vintage-retro-wall-mounted-white-light-fitting-metal-lamp-shade-indoor-wall-light-for-bedroom-dining-room-kitchen
6001950621857,globe-amber-glass-lampshade-retro-industrial-glass-wall-light-replacement-shades
5739846795425,modern-wall-light-wall-mounted-sconce-e27-indoor-wall-shade-black-with-gold-line-cover-fitting-shade-fixture
5729491091617,stainless-steel-wall-light
4575543263328,industrial-wall-lamp-retro-light-red-colour-vintage-wall-sconce-lights
4552638890080,vintage-industrial-e27-base-wall-lights-sconce-lamp-retro-loft-fixture-porch
4536343724128,retro-industrial-indoor-metal-lily-cage-wall-light-sconce-vintage-lamp-fittings
4528320479328,modern-antique-brass-black-wall-scone-lamp-light-shade-set
4528320381024,modern-industrial-antique-brass-black-scone-wall-light-shade
4528319987808,modern-retro-industrial-yellow-color-wall-mounted-lights-rustic-sconce-lamps-fixture
4523827396704,rustic-red-colour-shade-metal-wall-light-with-switch-holder-brushed-effect
4506281574496,industrial-retro-style-adjustable-wall-lights-sconce-lamp-fitting-kit
4505246433376,black-cage-wall-light
4496148299872,outdoor-wall-light
5304784879777,2m-4m-fabric-flex-cable-plug-in-pendant-lamp-light-set-with-dimmer-e27-holder
6558586470561,dimmer-switch-2m-4m-4-5m-fabric-flex-cable-plug-in-pendant-lamp-light-set
7500851708154,vintage-fabric-flex-cable-plug-in-pendant-lamp-lighting-set-e27-fitting
5897318531233,plug-in-pendant-with-dimmer-switch-4m-fabric-cable-diamond-cage-lighting-kit
5370613203105,white-2m-plug-in-pendant-with-switch-holder-lighting-cable-2116
5370613399713,plug-in-pendant-with-switch-holder-lighting-e27-rubber-cable-2115
15267741106562,plug-in-swag-pendant-light
7651373547770,4m-fabric-flex-cable-plug-in-pendant-light-set-e27-bulb-holder-3746
8006154682618,industrial-hanging-adjustable-hemp-rope-on-off-switch-uk-plug-pendant-light-4554
8006161662202,wood-table-lamp-base-e27-220v-plug-in-light-with-on-off-switch
14927611789698,2m-plug-in-pendant-light-with-on-off-switch-e27-e14-lamp-set-5799
6748528214177,4m-fabric-flex-cable-plug-in-pendant-lamp-set-with-bulb-holder-1497
15172186145154,plug-in-pendant-light-hemp-rope-with-dimmer
14895425978754,plug-in-wall-light-e27-socket-adjustable-hanging-cord
15072994034050,vintage-industrial-plug-in-pendant-light-retro-loft-style-metal-cage-shade-lamp
15309025640834,rope-light-fitting
15346048663938,swag-plug-in-pendant
8006238404858,vintage-black-table-lamp-bs-plug-with-on-off-e27-desk-light-4563
15208545124738,drum-plug-in-pendant-lighting-with-dimmer
14968061985154,steampunk-pipe-desk-lamp-retro-industrial-water-pipe-lamp
8005820285178,e27-plug-in-hanging-pendant-light-fixture-black-lamp-bulb-socket-cord
7652493426938,4m-fabric-flex-cable-uk-black-white-colour-plug-in-pendant-lamp-light-set-e27-bulb-holder-switch
7652493132026,4m-fabric-flex-cable-burgundy
8006250889466,industrial-table-lamp-black-holder-plugin-e27-adjustable-cable-night-light
8005812257018,e27-plug-in-hanging-pendant-light-fixture-white-lamp-bulb-socket-cord-4547
6898632065185,e27-2m-fabric-cable-uk-plug-in-pendant-lamp-light-set-fitting-vintage-bulb-holder-socket
7652493328634,4m-fabric-flex-cable-uk-gold-colour-plug-in-pendant-lamp-light-set-e27-bulb-holder-switch
7651374039290,4m-fabric-flex-cable-uk-red-colour-plug-in-pendant-lamp-light-set-e27-bulb-holder-switch
7652493558010,4m-fabric-flex-cable-uk-rose-gold-colour-plug-in-pendant-lamp-light-set-e27-bulb-holder-switch
7651373940986,4m-fabric-flex-cable-uk-broun-colour-plug-in-pendant-lamp-light-set-e27-bulb-holder-switch
5827041820833,plug-in-pendant-fabric-flex-cable-2m-with-inline-switch
8113198203130,creative-plugin-fabric-shade-ceramic-table-lamp-light
8113201152250,bedside-reading-lamps-desk-lamp-buy
8162234794234,plugin-wire-cage-desk-lamp-wooden-stand-bedside-small-table-lamp
4595341688928,retro-industrial-steampunk-pipe-bedside-plug-in-table-lamp
8169463316730,wooden-stand-bedside-table-lamp-plugin-on-off-switch-e27
8167851229434,metal-wire-cage-desk-lamp-plugin-wooden-base-table-lamp
4417295188064,industrial-iron-water-pipe-style-table-lamps-e27
8017843192058,turkish-moroccan-style-table-lamp-mosaic-glass-bedside-desk-table-lamp
8036170498298,table-lamp-for-home-office
7845306466554,antique-brass-table-lamp
4595341361248,modern-copper-tube-lamp-light-fixture
8167753285882,desk-lamp-wood-bedside-table-lamp-plugin-light
8225319387386,ledsone-lampe-de-table-steampunk-industrielle-vintage-avec-abat-jour-plat
8039353352442,antique-bedroom-lamps
8039341195514,vintage-glass-globe-mosaic-lighting-table-lamp-ellipse-shape-colorful-table-lamp-1
8167120535802,wooden-stand-metal-bulb-guard-wire-cage-plugin-on-off-switch-table-lamp
8167143964922,antique-brass-table-lamp-wooden-base-lamp-light
8039348633850,colorful-mosaic-lamp-for-uk
8011075125498,black-raven-shape-rasin-bird-table-lamps-desk-lamp
15286318072194,vintage-glass-table-lamp-with-wooden-base-e27-6684
15288723046786,turkish-mosaic-table-lamp-antique-brass-moroccan-bedside-light-6703
15288726880642,turkish-mosaic-desk-lamp-swan-neck-antique-brass-with-led-bulb-6704
15297582989698,wooden-base-table-lamp-with-crackle-glass-shade-e27-led-bulb-6723
4436173848672,ledsone-desk-pipe-table-lamp-industrial-retro-steampunk-lighting
14882306818434,conduit-pipe-table-lamp-with-dimmer-switch-industrial-steampunk-light-5651
7059080216737,2m-pendant-light-cage-retro-industrial-ceiling-light-spider-lamp
8015418720506,modern-1-2-head-black-spider-light-pendant-lamp-ceiling-fitting-e27-4945
7053693649057,multi-shade-2m-pendant-light
8010555457786,spider-shape-single-colour-pendant-light-flex-swag-hook
7819052286202,modern-large-spider-braided-pendant-lamp-3heads-clusters-of-hanging-yellow-cone-shades-ceiling-lamp-lighting-3433
8010056892666,5-head-spider-shape-multiple-colour-pendant-light-flex-swag-hook
7501640532218,5-way-spider-ceiling-pendant-lamp-metal-curvy-shade
8012324143354,vintage-e27-bulb-holder-suspension-light-fitting-ceiling-2m-hanging-pendant-light-4907
7993908166906,spider-ceiling-hanging-pendant-2m-fabric-3core-cable-e27-socket-lamp
7643966734586,industrial-vintage-ratio-2-head-hemp-spider-chandelier-e27-uk-holder
7566367654138,cone-shade-spider-light-3525
7560399225082,2-light-pendant-light
5998487011489,chrome-metal-ceiing-e27-lamp-holder-pendant-light-with-chain
6999643979937,black-2m-pendant-light-cage-retro-industrial-ceiling-light-spider-lamp
8109485031674,3-head-spider-light-multiple-colour-pendant-light-flex-pendant-lights
8132266230010,3-light-multiple-colour-pendant-light-flex-swag-hook
8010052993274,3-head-spider-shape-multiple-colour-pendant-light-flex-swag-hook
8062958928122,single-ceiling-pendant-lamp-shade-swag-hanging-light
7502163738874,2-way-retro-industrial-ceiling-cable-e27-hanging-lamp-pendant-light
8620603638010,5-head-spider-shape-multiple-colour-pendant-light-flex-swag-hook-5515
8166046662906,single-ceiling-pendant-lamp-swag-hanging-light
7560397979898,brushed-copper-nest-cage-retro-industrial-2-way-indoor-ceiling-pendant-chandelier-hanging-light-metal
8103204356346,5-light-e27-pendant-adjustable-cable-with-swag-light
7560397947130,black-nest-cage-retro-industrial-2-way-indoor-ceiling-pendant-chandelier-hanging-light-metal
8107412750586,8way-spider-light-e27-pendant-light
8010062004474,9-head-spider-pendant-light-multi-colour-swag-hook
7619394470138,5way-retro-ceiling-lights
14975177523586,2m-pendant-light-spider-pendants
8012431884538,pendant-lighting-for-kitchen-island
15167355453826,industrial-spider-light-chandelier-kit
8070720520442,1-2-6-head-cage-ceiling-pendant-lamp-swag-spider-hanging-light-3214
15039066210690,multi-fleming-spider-pendant-light-black-6165
14924979175810,vintage-industrial-spider-ceiling-light-chandelier-pendant-lamp-5762
8076166136058,ceiling-light-2-head-lamp-shade-spider-pendant-lights-5085
7643968241914,industrial-vintage-retio-3-head-hemp-spider-chandelier-cone-green-colour-shade-e27-uk-holder
7019418648737,modern-industrial-black-retro-loft-spider-6-way-ceiling-metal-lampshade-pendant-light-hanging-adjustable-indoor-light-fitting
15106577695106,industrial-retro-led-ceiling-light
14925554614658,2-way-vintage-industrial-shade-chandelier-retro-spider-pendant-light-5782
8103238009082,white-2-head-spider-lights
8100566532346,8-way-spider-light-e27-pendant-light-adjustable-cable-with-swag-hook-for-kitchen-island-living-room-bedroom-bar-decor
8075961237754,6-way-spider-light-e27-pendant-light-with-cage-lampshade
4496142139488,modern-industrial-retro-ceiling-light-e27
14903399973250,modern-black-ceiling-chandelier-8-head-vintage-spider-pendant-light-5710
8076196708602,5-way-spider-light-e27-pendant-light-djustable-cable-with-swag-hook-5086
7541402534138,spider-braided-pendant-lamp
7019524620449,spider-light-fixture-1180
4496141942880,retro-industrial-6-way-e27-hanging-lamp
14925041566082,vintage-industrial-spider-ceiling-light-chandelier-pendant-lamp-5763
7928914182394,5-way-chandelier-spider-ceiling-indoor-lamp-fixture
7495216988410,modern-industrial-rustic-red-spider-ceiling-pendant-light-metal-cone-shade-indoor-hanging-light-for-hall-restaurant-bar-dining-room
7019566006433,large-indoor-spider-lights-1179
15144754807170,smart-led-ceiling-light-fixture
8075991318778,6-way-spider-light-e27-pendant-light-adjustable-cable-with-swag-hook
7560398962938,yellow-brass-2-way-retro-industrial-ceiling-e27-hanging-lamp-pendant-light
15144403730818,modern-industrial-5-light-pendant-ceiling-fixture
8100560994554,single-ceiling-pendant-lamp-swag-hanging-light-3214
7500897976570,modern-industrial-rustic-red-spider-ceiling-pendant-light
6635418910881,multi-outlet-8-way-ceiling-pendant-light-for-2m-pvc-cable
15355088896386,industrial-cable-drape-ceiling-lamp
15330780676482,3-way-linear-bar-pendant
15326866997634,industrial-black-pendant-light-e27-gold-inner-shade
15326861263234,crystal-pendant-light-french-gold-e27-hanging-lamp
15326802116994,metal-hemp-light
15325876486530,green-metal-e27-pendant-light
15322580779394,black-inner-gold-ceiling-pendant
15322553713026,industrial-black-pendant-light-e27-metal-ceiling-lamp
15312314302850,industrial-black-pendant-light-adjustable-e27-bulb-6764
15312219242882,industrial-curvy-black-pendant-light-e27-adjustable-cable
15299983180162,hanging-pendant-light-with-chain
15299417997698,4-drop-ceiling-lights
15299416818050,4-bulb-octopus-light
15295497470338,3-light-pendant-ceiling-light-e27-tea-brown-glass-vintage-lamp-6720
15293721805186,tea-brown-glass-pendant-light-with-led-vintage-industrial
15287119020418,modern-clear-glass-pendant-light-with-black-metal-ceiling-rose-6699
15280019800450,vintage-style-ribbed-glass-ceiling-light-shade
15280014459266,black-pendant-light-vintage-industrial-ceiling-fitting
15279888728450,chandelier-spider-pendant-light
15279214625154,track-pendant-lamp
15277921960322,pendant-light-with-glass-shade
15274724262274,industrial-metal-pendant-ceiling-light-wire-cage-adjustable-hanging-retro-lamp-6599
15273126461826,vintage-grey-metal-pendant-light-set-3-pack
15272480702850,plug-in-pendant-swag-lamp-with-switch
15270960234882,5-light-octopus-pendant-light-spider-lamp
15270947815810,black-pendant-light-with-chain
15270379422082,caged-hanging-pendant-3-lights
15270340952450,3-cluster-pendant-light
15269981028738,adjustable-vintage-wire-cage-pendant-light
15269520966018,pendant-light-glass
15266961359234,vintage-industrial-ceiling-pendant-light-metal-cage-light-e27-hanging-retro-lamp-6567
15266782314882,semi-flush-light
15264857260418,3-pack-hanging-light
15263711789442,ceiling-pendant-lamp-holder
15260851962242,gage-pendant-light-1
15260849897858,low-ceiling-pipe-light
15260848095618,industrial-metal-pendant-light-with-copper-shade
15260831285634,short-ceiling-pendant-3-light
15260060582274,4-light-stempung-lamp
15260059763074,3-light-glass-pendant-lamp
15254724837762,2-set-pendant-light-1
15253041283458,mini-chandeliers-light
15233439236482,3-cage-black-e27-pendant-light
15230790140290,over-head-shaded-hanging-lighting
15228000993666,1m-pendant-light-cord-set-with-chain
15222437544322,3-light-semi-flush-mount-ceiling-light
15222431121794,shaded-rope-pendant-light-fixture
15222430269826,shaded-hanging-light
15217248764290,glass-globe-3-head-pendant-lights
15212012110210,adjustable-metal-pendant-light-fixture
15211906400642,large-shaded-pendant-light
15208529232258,industrial-pendant-light-fixture
15208447213954,dimmable-hanging-lights
15194335871362,vintage-style-brushed-copper-metal-ceiling-pendant-light-6468
15194274759042,pendant-light-fitting
15193556222338,shaded-pendant-light
15189299560834,industrial-black-ceiling-light
15187829752194,ceiling-light-adjustable
15185670078850,modern-led-pendant-light-fixture
15185667948930,industrial-pendant-light-with-e27-holder-fitting
15184628547970,3-light-pendant
15179732550018,3-pendant-ceiling-light
15176022000002,2-light-dome-pendant-light-e27-adjustable
15170044297602,modern-crystal-pendant-light-shade-chandelier-e27-ceiling-hanging-lamp-fixture-6441
15168975929730,bamboo-hemp-ceiling-pendant-light-fixture
15164626207106,black-ceiling-lights
15163062747522,adjustable-height-pendant-light-holder
15162214482306,crystal-3-way-hanging-ceiling-pendant-light
15160093049218,industrial-ceiling-light-fitting-retro-pendant-light-glass-shade-e27-edison-bulb-1
15156134510978,vintage-floral-glass-3-light-cluster-pendant-ceiling-light
15147501781378,retro-industrial-hanging-led-pendant-light
15145627189634,industrial-cluster-pendant-light-fixtures
15144404222338,adjustable-metal-ceiling-pendant-light
15143562445186,industrial-vintage-ceiling-hanging-lighting-kit
15139784786306,industrial-metal-cage-pendant-light-fitting
15121175970178,adjustable-hanging-light-fixtures-kit
15114173645186,vintage-industrial-ceiling-pendant-light-retro-cage-hanging
15112981807490,metal-cage-hanging-holder-creative-spider-indoor-ceiling-pendant-light-uk
15109825036674,industrial-glass-pendant-lighting-fixtures
15105611137410,industrial-led-pendant-ceiling-light
15097952764290,vintage-style-semi-flush-mount-ceiling-light-e27
15097695207810,adjustable-hanging-ceiling-light-fixture
15096989450626,e27-pulley-wheel-pendant-light-fitting
15094923297154,vintage-metal-black-ceiling-hanging-e27-95cm-adjustable-pendant-light-6279
15092131955074,industrial-flush-mount-ceiling-light
15090943689090,8-bulb-2m-fluming-spider-pendant-light
15090942017922,8-heads-2m-chandelier-e27-spider-ceiling-lamp
15086824259970,vintage-industrial-chandelier-pendant-light
15083428675970,hanging-pendant-light
15074121777538,metal-chain-hanging-light
15072964149634,industrial-e26-ceiling-light-fixture-kitchen-restaurant-hanging-pendant-light
15071747178882,modern-black-gold-baton-pendant-light-400mm-led-cylinder
15069172826498,vintage-industrial-metal-ceiling-pendant-shade-e27-hanging-6222retro-pendant-light
15068619735426,ledsone-industrial-pendant-light-with-2m-adjustable-cable-e27-lamp-holder-modern-ceiling-hanging-light-fixture-for-kitchen-dining-room-living-room-bar
15068439216514,4m-plug-in-pendant-lighting-metal
15065359057282,vintage-industrial-ceiling-pendant-light-e27-base-metal-hanging-lamp-shade
15065212256642,mini-pendant-light-metal-e27
15059972292994,pendant-light-fixture-for-ceiling-lighting
15057932550530,pendant-light-metal-hemp-rope-style
15056915399042,vintage-pendant-light-with-e27-holder
15053341393282,kitchen-island-3-light-pendant-light-with-fluming-switch
15052649103746,e27-hanging-pendant-light-adjustable-6184
15051681399170,industrial-black-e27-base-ceiling-spider-pendant-light-fitting-6180
15048390214018,vintage-industrial-spider-ceiling-hanging-pendant-lighting-lamp-2mkit-chandelier
15046948553090,3-fluming-spider-pendant-light-e27-metal-6175
15046492094850,e27-base-metal-pendant-light-adjustable
15046490751362,adjustable-hanging-light-e27
15043605561730,semi-flush-mount-ceiling-light
15042460811650,retro-hangelampe-led-pendelleuchte-e27-pendellampe-deckenlampe-240v-3133
15023091188098,3-pcs-single-pendant-light-e27-metal
15011934437762,vintage-industrial-metal-2-head-dome-pendant-light-adjustable-cable
15000444338562,modern-spider-light-chandelier-multi-pendant-light-ceiling-lamp-loft-fixture-e27-6141
14995625640322,3-head-crystal-pendant-light
14993332044162,retro-hammered-metal-shade-e27-ceiling-pendant-light-6132
14992559145346,modern-crystal-3-head-pendant-light-indoor-entrance-dining-room-6131
14992445997442,retro-pendant-light-metal-shade-e27-ceiling-hanging-pendant-light-6131
14989499138434,modern-adjustable-3-light-crystal-shade-pendant-chandelier-6125
14986988323202,vintage-3-head-pendant-light-braided-fabric-flex-lamp-holder-fitting-6122
14986530292098,vintage-3-head-pendant-light-braided-fabric-flex-lamp-holder-fitting-6121
14984125350274,vintage-metal-single-head-e27-95cm-adjustable-pendant-light
14984117387650,modern-cone-shade-metal-e27-double-head-pendant-light-6116
14983364116866,20mm-conduit-pipe-ceiling-pendant-light-kit-with-fisherman-cage-6114
14979601891714,conduit-3-4pipe-pendant-light-with-metal-21cm-cage-hanging-light-6112
14979285942658,industrial-conduit-3-4pipe-pendant-light-with-metal-cage-6111
14975890751874,5-way-ceiling-pendant-light-industrial-hanging-lamp-6108
14975886721410,vintage-5-way-ceiling-pendant-light-industrial-hanging-suspended-retro-lamp-6107
14975509266818,vintage-loft-style-ceiling-pendant-light-with-metal-flat-shade
14975504843138,vintage-retro-pendant-light-with-metal-shade-for-bedrooms-or-kitchen-island
14973874569602,3-4-entry-lantern-fisherman-caged-conduit-pipe-pendant-light-kit-6102
14970640007554,vintage-industrial-metal-e27-ceiling-pendant-light-fixture-6056
14964936671618,industrial-hemp-95cm-adjustable-e27-ceiling-pendant-light
14961264918914,4m-fabric-flex-plug-in-pendant-light-set-on-off-foot-switch-6041
14961212096898,industrial-e27-lamp-holder-pendant-light-fixture-1
14960152248706,vintage-ceiling-pendant-light-industrial-metal-shade-hanging-light-6030
14959191949698,industrial-metal-black-bulb-guard-wire-cage-ceiling-pendant-lighting-6018
14958830223746,industrial-95cm-adjustable-e27-holder-ceiling-pendant-lighting-6007
14957795213698,chrome-metal-e27-adjustable-pendant-light-fixture
14951487439234,ceiling-pendant-light-industrial-metal-wire-cage-light
14950484967810,2pack-cyan-blue-ceiling-light-fitting-e27-hanging-bulb-holder-30-discount
14950425100674,retro-e27-pendant-ceiling-light-95cm-5966
14949723668866,modern-decorate-hollow-combined-guard-cage-pendant-light-industrial-lamp-light-brushed-brass
14944163266946,vintage-nest-wire-cage-ceiling-pendant-cluster-light-fitting-5961
14940699722114,modern-e27-pendant-ceiling-light-95cm-pvc-5959
14940507439490,vintage-nautical-industrial-ceiling-lamp-pendant-light-5958
14937991709058,vintage-smoked-glass-shade-pendant-ceiling-light
14937880330626,vintage-loft-pendant-lights-hemp-rope-iron-retro-lamps
14934468723074,vintage-retro-3-way-diamond-cage-pendant-ceiling-light-3959
14934433726850,modern-e27-pendant-ceiling-light-95cm-5935
14934429958530,vintage-industrial-pendant-light-metal-e27
14933977334146,metal-pendant-light-fitting-e27-base-5928
14933958820226,pendant-light-shade-suspended-ceiling-lights
14933203222914,ceiling-pendant-light-modern-hanging-retro-lamp-uk
14932713210242,pendant-light-lamp-dome-shade-uk
14932618477954,modern-industrial-3-head-pendant-light-with-adjustable-cables
14932468662658,led-3-bulb-ceiling-pendant-light-ktchen-e27-metal
14932416594306,metal-pendant-ceiling-light-over-kitchen-island
14930682184066,vintage-industrial-pendant-light-retro-metal-ceiling-barn-slotted-shade-hanging
14930662588802,2m-industrial-metal-ceiling-pendant-light-fitting-5882
14930634768770,industrial-round-3-head-pendant-light-with-adjustable-cables
14930607112578,modern-3-light-clear-crystal-shade-pendant-light
14930593284482,vintage-pendant-lamp-bulb-holder-ceiling-rose-light-e27-fitting-kit-5761
14930544394626,metal-lamp-shade-ceiling-pendant-light-led-modern-hanging-retro-lamp-5870
14929692524930,vintage-pendant-light-with-metal-shade-5865
14929097884034,vintage-retro-pendant-light-with-metal-shade
14928536764802,vintage-wagon-wheel-chandelier-ceiling-light-pendant-lamp-lighting-fixture
14928494133634,modern-kitchen-pendant-light-hanging-fixture-5839
14928487612802,vintage-industrial-metal-ceiling-pendant-light-shade-modern-hanging-retro-lights
14928368238978,nest-wire-cage-ceiling-pendant-cluster-light-fitting
14928360767874,vintage-industrial-pendant-light-e27-bulb-holder-ceiling-lamp-fixture-5811
14928360669570,brushed-brass-led-pendant-light-vintage-style-5810
14927609495938,living-room-pendant-light-wire-cage-lighting
14927534457218,vintage-industrial-ceiling-light-metal-dome-shade-pendant-light-5798
14927394275714,double-head-1-m-hemp-rope-pendant-light-fixtures-for-cafe-restaurant-bar-3332
14926522614146,3-way-pendant-light-fitting-e27
14925622444418,vintage-wheel-ceiling-black-pendant-shade-hanging-retro-light
14925606748546,industrial-ceiling-light-vintage-hanging-metal-cage-pendant-lamp
14925407846786,multiple-pendant-kitchen-island-lighting-e27
14925398409602,e27-vintage-pendant-fitting-kit-with-on-off-holder
14925365182850,3-bulb-kitchen-island-pendant-lighting-fixtures
14925007192450,ceiling-pendant-light-kit-hemp-rope-lamp-e27-3853
14924998574466,vintage-industrial-ceiling-pendant-lights-metal-shade-e27-led-hanging-retro-lamp-3854
14924942868866,vintage-pendant-lamp-bulb-holder-ceiling-rose-light-e27-fitting-kit-5760
14924718440834,suspended-ceiling-pendant-light-fixtures
14922510041474,vintage-industrial-metal-pendant-light-shade-for-retro-ceiling-lamps-5747
14922498343298,vintage-ceiling-pendant-light-industrial-metal-hanging-lamp-shade
14922491625858,ceiling-rose-fabric-flex-hanging-pendant-lamp-holder-light-fitting-kit-5743
14921161048450,industrial-metal-refurbished-cone-shade-ceiling-pendant-light-5738
14909245653378,hemp-rope-pendant-light-e27-edison-base-5717
14909172908418,industrial-retro-2-light-pendant-lamp-5716
14908694430082,modern-black-e27-vintage-pendant-light-industrial-ceiling-lamp
14907824243074,industrial-vintage-style-ceiling-hanging-pendant-lamp-fixture
14907263746434,industrial-pendant-lights-retro-metal-ceiling-lamps-uk-5713
14906896810370,industrial-retro-pendant-lamps-hanging-light-fixtures-uk-5710
14903375888770,industrial-retro-yellow-metal-pendant-light-hanging-ceiling-lamp-shade
14900895351170,ledsone-industrial-pendant-light-modern-hanging-retro-lamp-led-ceiling-lights
14892889276802,black-2-way-95cm-adjustable-fabric-cable-pendant-light-fixtures
14892316885378,industrial-cone-shade-metal-e27-ceiling-pendant-light
14883343040898,vintage-hanging-shade-ceiling-pendant-light-5668
14883152527746,vintage-e27-metal-2-head-ceiling-pendant-light-fitting
14882799878530,industrial-vintage-pendant-light-e27-metal-shade-for-home-cafe-5662
14882049458562,black-metal-ceiling-e27-conduit-pendant-light-fitting-holder-kit-5647
14880702562690,vintage-metal-single-head-shade-e27-hanging-pendant-light-5641
14880118145410,3-way-industrial-conduit-pipe-ceiling-pendant-diy-light-fixture
14880113525122,vintage-amber-glass-e27-adjustable-ceiling-pedant-light-fixture
14874198802818,kitchen-lights-for-over-table
14872929468802,industrial-e27-lamp-holder-pendant-light-fixture
14872907350402,hemp-rope-pendant-light
8631162994938,metal-e27-lamp-holder-suspended-pendant-light-fitting-kit
8629863710970,turkish-moroccan-mosaic-tiles-crackle-pattern-bulb-shape-pendant-light
8629243805946,industrial-metal-cage-modern-pendant-light
8570797981946,industrial-pendant-lighting-for-kitchen
8450296545530,lampe-suspendue-industrielle-avec-abat-jour-en-metal-plafonnier-suspendu
8436743930106,vintage-e27-metal-holder-ceiling-pendant-light-with-adjustable-cable-5464
8296599552250,industrial-metal-hemp-rope-hanging-ceiling-pendant-light-5445
8190697734394,minimalist-lighting-cone-pendant-light-fixture
8166990774522,single-hanging-ceiling-pendant-light-adjustable-lights
8166946832634,hanging-retro-hemp-rope-metal-chain-lamp-pendant-lights
8166941917434,industrial-metal-ceiling-e27-lamp-shade-pendant-light
8166938509562,industrial-metal-hemp-rope-hanging-ceiling-pendant-light
8165869584634,industrial-retro-ceiling-2-light-pendant-light-e27
8163100819706,aesthetic-light
8163022471418,metal-single-light-with-dome-shade-adjustable-pendant
8162932785402,ceiling-lights-metal-cage-lamp-shade-3-way-pendant-lights
8161229570298,black-industrial-pendant-light-3-light-way-cage-ceiling-light-fixture
8160583778554,industrial-ceiling-pendant-modern-hanging-light
8160580829434,3-head-black-square-wire-cage-bar-triple-hanging-pendant-light
8160577388794,3-way-multi-teardrop-ceiling-pendant-light
8156630352122,3-light-black-ceiling-hanging-pendant-light
8156619636986,modern-pendant-light-metal-shade-in-various-colour-ceiling-hanging-light
8156619211002,3-light-black-dustrial-hanging-pendant-light
8155983446266,3-light-black-industrial-hanging-ceiling-pendant-lights
8155912274170,pendant-light-with-dome-lampshade-hanging-ceiling-light
8114277515514,3-light-bulb-guard-cage-cluster-pendant-lights
8110921908474,3-light-pendant-light-fixture-bulb-guard-cage
8109892501754,industrial-wire-cage-3-head-pendant-light
8109646545146,single-head-light-iron-wire-cage-pendant-lighting-fixture
8109554172154,industrial-retro-3way-light-iron-wire-cage-cluster-pendant-lighting
8109475168506,industrial-cluster-pendant-light-3-way-cage-e27-matt-black
8108295782650,3-light-hanging-pendant-light-for-restaurent-cafe
8108243058938,3-light-hanging-pendant-light-metal-shade-lamp-light
8108133384442,single-pendant-light-adjustable-height-with-metal-cone-shade
8106563043578,industrial-cage-pendant-light-for-cafe-bar-restaurant
8106532503802,3-light-cage-pendant-light
8106514088186,3-light-cluster-pendant-industrial-hanging-light-for-cafe-bar-restaurant
8104621244666,industrial-ceiling-5-light-pendant-light-fitting-for-staircase
8104560591098,cluster-lighting
8104214036730,single-ceiling-pendant-light-e27-base-hanging-chain-light
8103171031290,industrial-3-light-metal-cage-shade-hanging-pendant-light
8102837321978,single-bulb-guard-cage-ceiling-pendant-lights
8100970397946,bulb-guard-metal-cage-ceiling-hanging-pendant-light
8100967710970,modern-hemp-rope-hanging-pendant-lights-for-cafe-restaurant-bar
8100938973434,3-metal-wire-cage-industrial-cluster-pendant-light
8100586193146,8-light-spider-pendant-light-e27-adjustable-swag-hook
8100585668858,3-light-red-cage-cluster-hanging-pendant-light
8078158856442,single-ceiling-hemp-rope-hanging-pendant-light-with-bulb-guard-wire-cage-light-5089
8075192238330,vintage-retro-industrial-loft-hemp-rope-iron-pendant-ceiling-light-retro-lamp-5082
8075133419770,vintage-retro-industrial-loft-hemp-rope-iron-pendant-ceiling-light-retro-lamp
8075005526266,vintage-retro-industrial-ceiling-pendant-light-chandelier-spider-retro-hemp-lamp
8074844700922,hemp-rope-pendant-light-vintage-hanging-cone-lampshade-5078
8073630122234,vintage-industrial-3-way-pendant-light-black-retro-e27-ceiling-lamp
8073532997882,vintage-industrial-chandelier-hemp-rope-iron-pendant-ceiling-light-retro-lamp-5071
8062184456442,modern-linear-pendant-lighting-with-rectangle-clear-crystal-shade-5051
8062177739002,modern-3-light-clear-crystal-shade-pendant-light-5050
8061987029242,ceiling-hanging-light-cage-shade-loft-style-metal-ceiling-pendant-lamp-5047
8060940943610,hemp-rope-metal-pendant-light-spider-light-hanging-light
8060792013050,vintage-industrial-curvy-metal-ceiling-pendant-light-5045
8060683256058,hemp-rope-single-pendant-light-with-metal-lampshade
8060501229818,vintage-industrial-metal-dome-shade-ceiling-pendant-lamp
8060417802490,vintage-industrial-metal-dome-shade-ceiling-pendant-lamp-5042
8037899141370,black-metal-wire-cage-hemp-rope-hanging-single-head-pendant-light-5020
8037315051770,3-way-metal-wire-cage-cluster-pendant-light-5017
8028262564090,industrial-vintage-light-metal-wire-cage-pendant-lighting-fixtures-5003
8027660943610,vintage-single-cage-pendant-light-e27-hanging-lamp-black-wire-cage-4996
8026831749370,moroccan-style-mosaic-glass-pendant-light-4991
8026793443578,tiffany-hanging-pendant-lamp-blue-white-downlighter-stained-glass-4989
8014623506682,industrial-vintage-3-head-lights-pendant-round-ceiling-light-bowl-shade-brushed-copper
8013134889210,turkish-mosaic-tiles-glass-pendant-light-fixture-globe-shape-4910
8012309430522,vintage-e27-bulb-holder-suspension-light-fitting-ceiling-hanging-pendant-light-4906
8011571331322,3-way-ceiling-pendant-light-cage-rectangle-light-fitting
8011103797498,vintage-industrial-style-1m-yellow-brass-ceiling-e27-pendant-lamp-holder-fitting-4783
8010954113274,10m-2-core-twisted-electric-cable-covered-by-solid-black-color-fabric-0-75mm-4756
8010511909114,double-head-2m-hemp-rope-pendant-light-fixtures-for-cafe-restaurant-bar-47
8010485137658,3-lamp-retro-chandelier-modern-nordic-droplight-bar-pendant-light
8010419798266,crystal-shade-square-mini-pendant-kitchen-island-light
8009550758138,crystal-shade-round-mini-pendant-kitchen-island-light-4628
8009500885242,modern-led-conical-pendant-light-aluminum-home-industrial-lighting-hang-lamp
8009499934970,modern-cylinder-black-long-tube-pendant-lights-for-kitchen-island-bar-cafe-4600
8009493381370,pendant-long-tube-light-modern-cylinder-pipe-contemporary-4599
8009254797562,modern-hanging-fixture-gold-inner-range-gu10-pendant-light-4593
8009195847930,modern-black-gold-long-tube-aluminum-ceiling-pendant-cylindrical-led-light-4591
8009169993978,modern-gold-long-tube-aluminum-ceiling-pendant-cylindrical-led-light-4590
8009121988858,hemp-rope-pendant-light-vintage-retro-loft-industrial-hanging-lamp-4587
8003821764858,vintage-retro-industrial-metal-ceiling-light-shade-modern-hanging-pendant-lights-4510
8003806593274,black-industrial-retro-vintage-e27-kitchen-ceiling-pendant-light-hanging-lamp-4509
7998541070586,3-ceiling-lamp-pendant-cluster-light-modern-light-fitting-black-lampshades
7993979437306,single-pendant-light-metal-barn-slotted-chrome-e27-holder-fitting-hanging-light-4484
7993713721594,dome-shape-shade-pendant-3-core-cable-hanging-lamp-e27-lamp-socket-4475
7991786864890,1-9-way-pendant-light-fitting-e27-rose-suspension-hanging-lights
7985986568442,3-head-brushed-brass-ceiling-pendant-light-metal-shade-22cm-e27-hanging-light-4404
7985985028346,ceiling-pendant-light-e27-metal-hanging-light-brushed-brass-4404
7985931354362,vintage-e27-pendant-ceiling-light-with-95cm-cable-4398
7984207823098,3-way-ceramic-vintage-industrial-retro-black-and-white-pendant-light
7984175284474,2pack-pendant-light-suspended-ceiling-light-4352
7983932244218,2pack-dome-shaped-white-vintage-industrial-retro-metal-ceiling-lamp-shade-4337
7983365325050,vintage-simple-industrial-round-dome-pendant-retro-ceiling-light-shade-4303
7983273738490,2-pack-copper-vintage-industrial-e27-cone-holder-pvc-cable-with-ceiling-rose-4282
7982937637114,vintage-ceiling-pendant-light-brown-colour-hemp-rope-hanging-lamp-lights-4167
7982927806714,10-pack-industrial-black-pendant-light-lamp-holder-ceiling-hanging-light-4255
7982927741178,10-pack-industrial-brushed-copper-pendant-light-lamp-holder-ceiling-hanging-light-4254
7982925283578,10-pack-e27-pendant-light-fittings-adjustable-hanging-cord
7982923383034,10-pack-industrial-rose-gold-pendant-light-lamp-holder-ceiling-hanging-light-4249
7982916010234,10-pack-industrial-rustic-red-pendant-light-lamp-holder-ceiling-hanging-light-4248
7982911619322,5-pack-industrial-black-pendant-light-lamp-holder-ceiling-hanging-light-4245
7982908342522,5-pack-industrial-rose-gold-pendant-light-lamp-holder-ceiling-hanging-lightt-4239
7982905229562,5-pack-industrial-rustic-red-pendant-light-lamp-holder-ceiling-hanging-light-4238
7982901559546,2-pack-industrial-brushed-copper-pendant-light-lamp-holder-ceiling-hanging-light-4235
7982900707578,2-pack-industrial-brushed-copper-pendant-light-lamp-holder-ceiling-hanging-light-4234
7982900510970,2-pack-industrial-chrome-pendant-light-lamp-holder-ceiling-hanging-light-4233
7982679064826,2-pack-industrial-french-gold-pendant-light-lampshade-ceiling-hanging-light-4232
7982678343930,2-pack-industrial-grey-pendant-light-lamp-holder-ceiling-hanging-light-4231
7982676639994,2-pack-industrial-pink-pendant-light-fitting-lampshade-addable-e27-lamp-holder-4230
7982675362042,2-pack-industrial-rose-gold-pendant-lamp-holder-ceiling-hanging-light-4228
7982672118010,2-pack-industrial-rustic-red-pendant-light-fitting-lamp-holder-hanging-light-4228
7982657732858,industrial-black-pendant-light-fitting-lamp-holder-ceiling-hanging-light-4224
7982654849274,industrial-brushed-copper-pendant-light-fitting-lamp-holder-hanging-light-4224
7982654128378,industrial-chrome-pendant-light-fitting-lampshade-hanging-light-4223
7982629748986,chrome-3-head-round-base-retro-vintage-loft-style-ceiling-lamp-shade-industrial-pendant-light-4211
7982621065466,chrome-3-head-rectangle-base-retro-vintage-loft-style-ceiling-lamp-shade-industrial-pendant-light-4210
7982594162938,3-head-rectangle-rose-gold-ceiling-e27-pendant-light-with-wire-cage-industrial-vintage-hanging-lamp-fixture-for-kitchen-dining-room-and-living-room-adjustable-height-and-easy-installation-4208
7982405615866,industrial-pink-pendant-light-fitting-lampshade-addable-e27-lamp-holder
7982358102266,vintage-industrial-ceiling-pendant-shade-hanging-chandelier-lights-4196
7982095925498,3-head-round-base-rose-gold-ceiling-wire-cage-hanging-lamp
7946045423866,style-ceiling-light-fittingscage-pendant-shade
7946039427322,modern-retro-industrial-ceiling-light-shade-hanging-pendant-light-cage-3way-lamp-4151
7929839321338,industrial-suspended-ceiling-light-fitting-amber-glass-lamp-shade-pendant-lights-new
7924177600762,industrial-vintage-metal-pendant-light-shade-chandelier-navy-blue-lampshade
7816203698426,industrial-kitchen-island-chandelier-3-light-cage-ceiling-hanging-pendant-lamp
7763771982074,metal-retro-barn-indoor-pendant-ceiling-light-fixture
7762587549946,black-metal-ceiling-hanging-pendant-light
7738421936378,industrial-vintage-various-colours-ceiling-light-fitting-e27-pendant-holder
7719883964666,umbrella-lamp-holder-pendant-with-chain
7717938626810,modern-retro-step-round-rustic-red-cage-pendant-light-round-ceiling-base
7717938331898,modern-retro-step-round-brushed-copper-cage-pendant-light-round-ceiling-base
7716552999162,industrial-vintage-retro-adjustable-ceiling-various-colours-pendant-light-with-e27-uk-holder
7716015243514,industrial-vintage-retro-adjustable-ceiling-pendant-lights-e27-4025
7715804348666,industrial-vintage-retro-pendant-light
7712260784378,modern-kitchen-island-pendant-light-adjustable-height
7711793545466,modern-adjustable-hanging-bowl-yellow-pendant-lamp-e27-holder
7708426666234,drum-metal-ceiling-3-way-rectangle-pendant-lights
7708425355514,industrial-vintage-retro-barn-slotted-shape-various-colours-metal-ceiling-pendant-lights
7704065671418,industrial-vintage-retro-3-way-round-rustic-red-ceiling-pendant-cage-3991
7703993909498,antique-three-pendant-light-fixture
7703993811194,industrial-vintage-retro-3-way-round-rustic-red-ceiling-pendant-cage
7701883846906,retro3-way-round-ceiling-pendant-light-e27
7697310351610,industrial-vintage-retro-light-3-way-rustic-red-cage-pendant-round-ceiling-e27-base
7696630284538,industrial-retro-light-3-way-round-ceiling-pendant
7695392047354,industrial-vintage-ratio-adjustable-pendant-hanging-pendant-lighting-e27-metal-brushed-copper-cage
7695391850746,industrial-vintage-ratio-adjustable-metal-cage-pendant-lighting
7695391391994,industrial-vintage-ratio-adjustable-pendant-hanging-pendant-lighting-e27-metal-black-cage
7695390376186,industrial-vintage-retro-3-way-pendant-round-ceiling-e27-base-rustic-red-metal-lamp
7692731384058,industrial-modern-retro-3-way-cluster-red-ceiling-pendant-light-with-e27-base
7691075289338,e27-industrial-hemp-rope-cable-barn-slotted-pendant-light
7688953430266,black-cage-pendant-light
7688946811130,wire-pendant-light
7688946385146,vintage-3-lights-ceiling-lamp-adjustable-hanging-pendant-lights-industrial-flush-mount-ceiling-lighting-fixture-e27-base-black-hanging-lamp-for-kitchen-dining-room-hallway-bed-room
7688945893626,3-lights-ceiling-lamp
7680984285434,industrial-vintage-metal-pendant-light-shade-chandelier-retro-ceiling-blue-lampshade
7680983400698,industrial-vintage-metal-pendant-light-shade-chandelier-retro-ceiling-white-lampshade
7679463981306,industrial-vintage-retro-indoor-hanging-ceiling-metal-copper-pendant-light-e27-uk-holder
7676377170170,vintage-white-metal-ceiling-fitting-black-white-twisted-braided-flex-2m-e27-lamp-holder-pendant-light
7676373893370,vintage-white-metal-ceiling-fitting-black-white-round-braided-flex-2m-e27-lamp-holder-pendant-light
7676245868794,industrial-vintage-single-ceiling-pendant-lighting-metal-cone-rose-gold-lampshade-e27-uk-holder
7676245344506,industrial-vintage-single-ceiling-pendant-lighting-metal-cone-chrome-lampshade-e27-uk-holder
7676245213434,industrial-vintage-single-ceiling-pendant-lighting-metal-cone-satin-nickel-lampshade-e27-uk-holder
7676244623610,industrial-vintage-single-ceiling-pendant-lighting-metal-cone-copper-lampshade-e27-uk-holder
7676244230394,industrial-vintage-single-ceiling-pendant-lighting-metal-cone-yellow-brass-lampshade-e27-uk-holder
7676243902714,industrial-vintage-single-ceiling-pendant-lighting-metal-cone-green-brass-lampshade-e27-uk-holder
7673412944122,industrial-pendant-light
7673412124922,black-pendant-light
7673411535098,ceiling-yellow-pendant-light
7661570588922,vintage-retro-industrial-loft-cone-hemp-rope-3-head-pendant-light-retro-lamp
7659907973370,ceiling-cage-pendant-light
7659907776762,linear-cage-pendant-light-fixture
7651374989562,industrial-modern-3-way-retro-rustic-red-cage-ceiling-hanging-pendant-shade-e27
7651374891258,industrial-modern-3-way-retro-brushed-silver-cage-ceiling-hanging-pendant-shade-e27
7651374661882,industrial-modern-3-way-retro-brushed-copper-cage-ceiling-hanging-pendant-shade-e27
7649650409722,industrial-vintage-3-head-lights-pendant-rectangle-ceiling-light-26cm-bowl-shade-brushed-copper
7649650278650,industrial-vintage-3-head-lights-pendant
7649553219834,industrial-vintage-modern-metal-retro-e27-ceiling-red-barn-slotted-pendant-shade
7649552761082,industrial-vintage-modern-metal-retro-e27-ceiling-orange-barn-slotted-pendant-shade
7649552597242,industrial-vintage-modern-metal-retro-e27-ceiling-yellow-barn-slotted-pendant-shade
7649552400634,industrial-vintage-modern-metal-retro-e27-ceiling-blue-barn-slotted-pendant-shade
7649552269562,industrial-vintage-modern-metal-retro-e27-ceiling-grey-barn-slotted-pendant-shade
7649552138490,industrial-vintage-modern-metal-retro-e27-ceiling-white-barn-slotted-pendant-shade
7649552007418,industrial-vintage-modern-metal-retro-e27-ceiling-burgundy-mosque-pendant-shade
7644912386298,industrial-vintage-new-pendant-ceiling-light-26cm-bowl-shade-black-e27uk-holder
7644912156922,industrial-vintage-new-pendant-ceiling-light-26cm-bowl-shade-brushed-copper-e27uk-holder
7644911993082,industrial-vintage-new-pendant-ceiling-light-26cm-bowl-shade-brushed-silver-e27uk-holder
7644911796474,industrial-vintage-new-pendant-ceiling-light-26cm-bowl-shade-rustic-red-e27-uk-holder
7644911403258,industrial-vintage-new-pendant-ceiling-light-36cm-bowl-shade-brushed-silver-e27uk-holder
7643967357178,industrial-vintage-ratio-single-head-round-black-cone-ceiling-pendent-lights-e27-holder-chandelier
7643967193338,industrial-vintage-ratio-3-head-round-black-cone-ceiling-pendent-lights-e27-holder-chandelier
7643966963962,dining-room-pendant-lights
7643966636282,industrial-vintage-ratio-3-head-hemp-spider-chandelier-e27-uk-holder
7640298553594,ledsone-industrial-vintage-32cm-black-pendant-retro-metal-lamp-shade-e27-uk-holder
7640298291450,ledsone-industrial-vintage-32cm-white-pendant-retro-metal-lamp-shade-e27-uk-holder
7640298094842,ledsone-industrial-vintage-32cm-light-blue-pendant-retro-metal-lamp-shade-e27-uk-holder
7640297799930,ledsone-industrial-vintage-32cm-green-pendant-retro-metal-lamp-shade-e27-uk-holder
7640297406714,ledsone-industrial-vintage-32cm-cyan-bluependant-retro-metal-lamp-shade-e27-uk-holder
7640297079034,ledsone-industrial-vintage-32cm-yellow-pendant-retro-metal-lamp-shade-e27-uk-holder
7640296653050,industrial-pendant-lighting-with-32cm-orange-lampshade-over-the-kitchen-island
7640296390906,ledsone-red-light-brightens-kitchen-island-and-bar
7640295833850,modern-pendant-light-fabric-gold-yellow-wire-yellow-brass-ceiling-rose-e27-suspension-light-lamp-holder
7613044130042,modern-retro-industrial-crystal-ceiling-light-black-shade-3head-hanging-pendant-lights
7609246875898,vintage-e27-fitting-suspension-light-base-copper-lamp-holder-ceiling-pendant-lights
7609246417146,vintage-e27-fitting-suspension-light-base-white-lamp-holder-ceiling-pendant-lights
7608621105402,black-3-head-pendant-braided-fabric-flex-lamp-holder-fitting
7606831251706,modern-italian-yellow-pendant-light
7606831218938,modern-italian-yellow-chandelier-vintage-pendant-light-shade-industrial-hanging-ceiling-lighting-ideal-for-dining-room-bar-clubs-and-restaurants-e27-base-big-barn
7606831186170,modern-italian-yellow-chandelier-vintage-pendant-light-shade-industrial-hanging-ceiling-lighting-ideal-for-dining-room-bar-clubs-and-restaurants-e27-base-dome-30cm
7592071201018,industrial-retro-texas-style-pipe-lights-semi-flush-brushed-copper-metal-ceiling-lamp-shade-e27
7588223910138,2-pack-vintage-industrial-ceiling-pendant-light-retro-loft-style-metal-shade-black-lamp
7588221976826,3-pack-lampshade-vintage-industrial-metal-blue-ceiling-pendant-lights-shade
7564838437114,navy-blue-3-way-vintage-industrial-metal-lampshade-modern-hanging-retro-ceiling-pendant-lights
7564838371578,green-pendant-ceiling-lamp
7564838338810,ceiling-pendant-light
7564838306042,red-3-light-pendant
7564838240506,orange-3-way-vintage-industrial-metal-lampshade-modern-hanging-retro-ceiling-pendant-lights
7564838174970,grey-3-way-vintage-industrial-metal-lampshade-modern-hanging-retro-ceiling-pendant-lights
7564838142202,metal-lampshade
7564838076666,yellow-3-way-vintage-industrial-metal-lampshade-modern-hanging-retro-ceiling-pendant-lights
7564837912826,orange-modern-3-head-metal-hanging-light-shade-ceiling-pendant-light
7560398504186,white-2-way-retro-industrial-ceiling-e27-hanging-lamp-pendant-light
7543292330234,modern-vintage-industrial-black-metal-wire-cage-loft-pendant-lamp-ceiling-light
7543057645818,industrial-3-way-hanging-pendant-ceiling-light-cover-decorative-cage-light-fixture
7543041917178,industrial-black-hanging-pendant-ceiling-light-cover-decorative-cage-light-fixture
7543029793018,industrial-3-heads-black-hanging-pendant-ceiling-light-cover-decorative-cage-light-fixture
7542240248058,industrial-hanging-white-lamp-shade-metal-loft-nordic-party-decor-lampion
7542236184826,industrial-hanging-white-lamp-shade-wedding-decoration-metal-lanterns
7542209741050,vintage-industrial-metal-ceiling-pendant-pattern-shade-hanging-modern-retro-light-1
7542184640762,vintage-industrial-metal-ceiling-pendant-pattern-shade-hanging-modern-retro-light
7541548056826,vintage-industrial-white-metal-ceiling-pendant-pattern-shade-hanging-modern-retro-light
7541546877178,vintage-industrial-metal-ceiling-pendant-pattern-white-shade-hanging-modern-retro-light
7541360066810,modern-bar-pendant-light
7541267661050,modern-vintage-industrial-metal-pendant-lamp-dia-hollow-hanging-craft-pendant-lamp
7538525667578,industrial-3-heads-black-hanging-pendant-accessories-ceiling-light-cover-decorative-cage-light-fixture
7525714526458,copy-of-ceiling-e27-diy-ceiling-rose-light-pvc-flex-cluster-pendant-lamp-holder-suspension
7501710295290,modern-loft-vintage-industrial-retro-wire-cage-shade-pendant-light
7501695582458,industrial-retro-modern-loft-vintage-white-colour-wire-cage-shade3-head-pendant-light-1
7500914655482,retro-industrial-black-indoor-hanging-adjustable-pendant-light-big-vase-cage-ceiling-chandelier-for-bar-basement-bedroom-conservatory
7500877332730,retro-industrial-3way-hanging-ceiling-pendant-light
7500758483194,vintage-ceiling-adjustable-hanging-black-metal-cone-shade-pendant-light-fixture-for-kitchen-island-dining-room-bar-cafe
7500236128506,retro-2-way-indoor-ceiling-pendant-chandelier
7500075565306,vintage-industrial-brushed-copper-indoor-hanging-adjustable-pendant-light-metal-mug-cage-ceiling-chandelier-for-bar-basement-bedroom-conservatory
7499656659194,retro-industrial-3-head-vintage-round-base-pendant-celling-light
7492315414778,modern-industrial-cone-shade-pendant-light-e27-adjustable-hanging-lamp
7491041231098,retro-industrial-3way-hanging-ceiling-pendant-light-metal-cone-shade-indoor-lighting-for-bedroom-dining-room-and-study-room
7489761476858,vintage-industrial-white-3-way-hanging-pendant-light-indoor-ceiling-light-metal-cone-shape-shade-for-bed-room-living-room-kitchen
7105746796705,e27-3-bulb-pipe-light
7104050561185,best-hanging-lights-for-office-near-uk
7103867650209,ceiling-lamp-pendant-light-fitting-metal-lamp-holder-e27
7102568267937,vintage-hemp-rope-designer-pendant-light-e27
7099592409249,retro-industrial-vintage-suspended-metal-shade-ceiling-pendant-light
7099555315873,industrial-retro-modern-8way-vintage-loft-spider-ceiling-pendant-light
7097242419361,retro-industrial-vintage-loft-hemp-rope-pendant-ceiling-light-lamp
7088530587809,retro-industrial-chandelier-ceiling-vintage-metal-light-shade-pendant-light
7069908730017,rose-gold-light-hanging-pendant-light
7053633487009,retro-vintage-style-metal-ceiling-hanging-pendant-light
7053367607457,vintage-rustic-hanging-ceiling-brushed-pendant-light
7045912002721,modern-industrial-french-gold-hanging-ceiling-pendant-light-metal-cone-shape-indoor-lighting-for-bed-room-kitchen-living-room
7038329847969,black-triangle-metal-wire-frame-lamp-light-wire-cage
7038324179105,new-vintage-pendant-ceiling-shade-industrial-chandelier-flush-mount-lighting-uk
7019740987553,modern-satin-nickel-indoor-hanging-pendant-light
7015799685281,retro-industrial-white-diamond-cage-ceiling-pendant-light-hanging-indoor-lighting-for-basement-bedroom-conservatory-dining-room-foyer-garage
7015409189025,modern-industrial-chrome-3-way-ceiling-pendant-light-metal-cone-shape-shade-indoor-hanging-lighting-for-bedroom-dining-room-living-room
7008557334689,modern-industrial-loft-chrome-ceiling-pendant-light-metal-cone-shape-shade-indoor-hanging-light-fitting-for-basement-bedroom-conservatory
7004373450913,pendant-light-fixtures-kitchen-lights
6999300178081,ceiling-rose-3-way-hanging-pendant-lamp-shade-light-fitting-lighting-kit-uk
6989497073825,ceiling-lights-for-kitchen
6987652300961,vintage-industrial-rustic-red-pendant-light-steampunk-pipe-light-balloon-cage-lamp-hanging-indoor-light-fitting-for-bed-room-kitchen-living-room
6982559301793,vintage-retro-industrial-ceiling-pendant-living-room-kitchen-indoor-hanging-lamp-bird-cage-lighting
6969096634529,industrial-vintage-retro-2-head-black-ceiling-pendant-metal-wire-cage-hanging-indoor-lighting
6921426632865,vintage-industrial-3head-ceiling-pendant-light-black-hanging-light-metal-dome-shape-shade-indoor-light-fitting-for-hotel-restaurants-bar-dining-room
6916366729377,ceiling-pendant-lamp-shade
6914992504993,modern-vintage-industrial-ceiling-pendant-light-metal-lamp-shade-hanging-indoor-light-fitting-with-95cm-adjustable-wire-for-bed-room-kitchen-living-room
6914697003169,suspended-ceiling-rose-braided-fabric-flex-rose-gold-pendant-lamp-holder-light-fitting-lighting
6914542665889,e27-vintage-retro-industrial-loft-style-metal-conduit-chain-pendant-ceiling-light-lamp-kit
6912420348065,industrial-retro-style-3-light-pendant-lights-adjustable-cord-with-diamond-metal-cages
6912222789793,1-3-light-black-square-cluster-pendant-light
6912021299361,industrial-vintage-ceiling-light-rustic-red-metal-conduit-retro-pendant-lamp
6909913825441,vintage-industrial-metal-ceiling-pendant-shade-modern-hanging-retro-light
6909809688737,vintage-modern-ceiling-pendant-light-metal-dome-shade-hanging-indoor-light-fitting-with-95cm-adjustable-wire
6909193748641,modern-industrial-style-metal-cage-single-pendant-light-yellow-brass-ceiling-light-fixture
6903445979297,loft-bar-3-hanging-pendant-lights
6898983633057,3-heads-ceiling-pendant-cluster-light-fitting-lights-e27-socket-hanging-chandelier-light
6898917015713,modern-diamond-cage-ceiling-pendant-light-fitting
6898555617441,pendant-lighting-metal-industrial-vintage-hanging-ceiling-satin-nickel-for-kitchen-home-lighting
6898501189793,industrial-light-barn-pendant-lighting-modern-light-retro-loft-style-metal
6896742203553,modern-orange-metal-shade-ceiling-pendant-indoor-light
6896521281697,industrial-pendant-light-metal-hanging-ceiling-lights-fixture-with-metal-flat-shade
6895318237345,industrial-kitchen-pendant-lighting
6895095840929,decorative-hanging-lights-adjustable
6894872166561,industrial-flex-fitting
6891249565857,new-hanging-lamp-industrial-retro-vintage-metal-lamp-pendulum-ceiling
6889804234913,umbrella-shape-metal-shade-pendant-lighting
6887867482273,vintage-industrial-metal-ceiling-pendant-light-with-dome-lampshade-1292
6887544815777,ceiling-light-bulb-holder-1-2-3-4-5-pendant-light-metal-e27-light-bulb-holders
6886023889057,vintage-industrial-metal-retro-ceiling-pendant-light-copper-shade
6885499404449,industrial-pendant-light-with-3-heads-cone-style-chandelier-1301
6885401755809,3-head-pendant-light-metal-cone-shade-hanging-light-fitting
6883611410593,3-way-vintage-industrial-cluster-pendant-light-metal-retro-lampshade
6883290972321,vintage-pendant-light-shade-metal-lamp-ceiling-lights-brushed-metal-lampshade
6883251028129,vintage-modern-metal-cage-ceiling-lamp-shade-pendant-light-with-95cm-adjustable-wire
6876475523233,vintage-metal-cage-retro-industrial-pendant-ceiling-lamp-light
6876281208993,vintage-industrial-metal-ceiling-pendant-light-satin-nickel-shade-modern
6876244082849,vintage-industrial-metal-ceiling-pendant-light-copper-shade-modern
6874011828385,vintage-modern-industrial-ceiling-lamp-shade-pendant-light-retro-loft-french-gold
6873654788257,vintage-modern-industrial-ceiling-lamp-shade-pendant-light-retro-loft-satin-nickel
6873605210273,ceiling-pendant-light-modern-style-3-cluster-metal-lampshade-colour-light-shades
6873580241057,retro-3-head-pendant-hanging-light-chrome-metal-flat-lamp-shade-for-bed-room-kitchen-study-room-dining-room
6863327068321,rattan-wicker-woven-ball-globe-two-outlet-pendant-light
6863281488033,modern-pendant-light-rattan-wicker-basket-ceiling-pendant-light-kit
6863219163297,rattan-wicker-ceiling-pendant-light-shade-hanging-light-antique-decor-lampshade
6863171322017,vintage-modern-hanging-pendant-light-metal-cone-shape-shade-with-95cm-adjustable-pvc-wire-for-restaurants-hotel-bar-dining-room
6860486213793,vintage-industrial-metal-ceiling-pendant-shade-retro-light
6860377555105,vintage-modern-metal-ceiling-pendant-light-chrome-hanging-lamp-with-95cm-adjustable-wire
6856559394977,cluster-lampshade-chandelier-pendant-ceiling-light-decor-lamp
6856525021345,modern-ceiling-pendant-lamp-cage-fitting-black-small-vintage-light
6856501002401,3-way-cluster-hanging-ceiling-pendant-light-e27-chrome-light-fitting-lamp-kit
6855745929377,black-ceiling-pendant-light-metal-lamp-shade
6852485021857,3-ceiling-lamp-pendant-cluster-light-modern-light-fitting-red-black-lampshades
6852406640801,metal-diamond-cage-ceiling-pendant-light-modern-hanging-lamps-1357
6852374102177,e27-holder-vintage-retro-hemp-rope-pendant-ceiling-light-decor-rope-0-5m-1m-2m
6851868721313,black-cage-pendant-lights
6851839361185,modern-ceiling-pendant-cage-fitting-rose-gold-diamond-lights-1361
6845851041953,modern-vintage-ceiling-pendant-light-cone-shade-shape-hanging-light-for-hotels-any-room-dining-room
6845769121953,vintage-industrial-metal-ceiling-pendant-dome-shade-modern-hanging-retro-light
6845727080609,vintage-balloon-cage-pendant-light-industrial-brass-ceiling-lamp-e27-fitting
6842416431265,metal-e27-pendant-light-29cm
6837440118945,industrial-e27-black-light-ceiling-pendant-light-cage-hanging-lampshade-fitting-kit
6818484650145,wavy-shade-retro-style-metal-vintage-ceiling-pendant-lamp-light-modern-lighting-industrial-design
6818256912545,vintage-industrial-metal-cage-ceiling-pendant-light-modern-hanging-retro-lamp-uk3-head-rectangle-base-yes
6812500557985,industrial-rattan-wicker-design-chandelier-ceiling-pendant-light-brown-finish
6810064847009,industrial-suspended-ceiling-lights-style-glass-lamp-shade
6774479618209,vintage-retro-industrial-loft-3-head-white-pendant-ceiling-light-retro-lamp-uk
6774423814305,ceiling-pendant-3-lights
6774298673313,industrial-style-ceiling-light-pendant-set-chandelier-metal-lampshade-hanging-loft-fitting-lampshade
6773916827809,modern-retro-loft-style-ceramic-lamp-shade-pendant-light
6770690130081,modern-vintage-industrial-e27-retro-orange-ceiling-wall-lamp-shade-pendant-light
6768034480289,red-retro-ceiling-pendant-light-fixture-for-kitchen-island
6750851334305,antique-brass-pendant-light-for-living-room
6749411606689,yellow-brass-metal-ceiling-lamp-shade-pendant-light
6749411344545,black-industrial-retro-ceiling-pendant-light
6749411016865,brushed-silver-industrial-retro-ceiling-pendant-light
6749410328737,brushed-copper-industrial-retro-ceiling-pendant-light
6749409804449,brushed-copper-3-head-rectangle-pendant-light-retro-lamp-shade-light
6749409411233,3-head-industrial-brushed-copper-wavy-metal-ceiling-pendant-light
6749409181857,brushed-copper-wavy-metal-ceiling-pendant-light
6749409083553,3-outlet-rustic-red-wavy-metal-ceiling-pendant-light
6749408919713,rustic-red-wavy-metal-ceiling-pendant-light
6749408624801,3-head-rectangle-pendant-light-retro-black-lamp-shade-light
6749408460961,3-outlet-black-wavy-metal-ceiling-pendant-light
6749408166049,black-wavy-metal-ceiling-pendant-light
6749407838369,industrial-square-wire-cage-ceiling-pendant-light
6749407641761,curvy-black-shade-industrial-hanging-ceiling-lighting
6749407477921,black-3-way-pendant-light-fixture-cone-shade-hanging-pendant-ceiling-lights
6749407281313,ceiling-pendant-light-black-square-wire-cage-lamp-lighting
6749407051937,industrial-wire-cage-pendant-light-black-ceiling-hanging-lamp
6749406855329,black-4-way-ceiling-pendant-light-long-wire-cage-lampshades
6749406724257,retro-ceiling-light-suitable-e27-black-wire-cage-with-adjustable-black-cable
6685792403617,industrial-retro-pendant-light-shade-suspended-ceiling-lights-style-metal-lamp
6685792338081,retro-metal-pendant-silver-ceiling-light-lamp-shade
6685792272545,orange-painted-metal-shade-lighting-vintage-pendant-light
6685792207009,three-outlet-black-pendant-light-3-lights-modern-drop-hanging-light
6685791912097,black-modern-pendant-light-curvy-ceiling-hanging-lights
6685791551649,kitchen-pendant-light-bar-decor-lamp-modern-red-ceiling-lights
6685791322273,vintage-industrial-retro-loft-style-ceiling-lamp-shade-pendant
6685791223969,brushed-silver-iron-wheel-chandelier-retro-industrial-style-chandelier
6685791125665,rustic-style-metal-pendant-light-hanging-lamp-ceiling-industrial-brushed
6685791027361,3-lights-hanging-chandelier-with-adjustable-cable-with-black-shade
6685790896289,french-gold-pendant-lights-gold-ceiling-lights-metal-industrial-light-shade
6685790797985,pendant-lights-in-french-gold-golden-hanging-lights
6681553207457,hemp-rope-1-head-pendant-ceiling-light-retro-lamp
6669122240673,bell-shape-ceiling-pendant-light-hemp-rope-hanging-light-e27-lamp-shade
6669121814689,drum-shape-ceiling-pendant-light-hemp-rope-hanging-light-e27-lamp-shade
6669121388705,dome-shape-ceiling-pendant-light-hemp-rope-hanging-light-e27-lamp-shade
6666853646497,vintage-industrial-retro-loft-style-metal-ceiling-lamp-shade-pendant-light-blue
6666853482657,vintage-industrial-retro-loft-style-metal-ceiling-lamp-shade-pendant-light-green
6666853318817,vintage-industrial-retro-loft-style-metal-ceiling-lamp-shade-pendant-light-yellow
6666853122209,vintage-industrial-retro-loft-style-metal-ceiling-lamp-shade-pendant-light-red
6666852925601,vintage-industrial-retro-loft-style-metal-ceiling-lamp-shade-pendant-light-white
6666852728993,vintage-industrial-retro-loft-style-metal-ceiling-lamp-shade-pendant-light-black
6666852532385,vintage-industrial-metal-cage-wire-frame-loft-ceiling-3-head-pendant-light-chandeliers
6666852139169,vintage-industrial-metal-cage-wire-frame-loft-ceiling-single-pendant-light-chandeliers
6655620055201,modern-retro-3-way-ceiling-pendant-light-cluster-light-fitting-glass-lampshade-yellow-brass-finish-home-e27-lighting-kit-for-kitchen-island-living-room-dining-room
6655619530913,natural-rattan-wicker-ceiling-pendant-light-lampshade-metal-pendant-lighting-kit-basket-shape
6655619236001,vintage-industrial-metal-ceiling-pendant-shade-modern-hanging-retro-light-lamp
6637699301537,modern-industrial-lampshade-chandelier-ceiling-pendant-light-pub-restaurant-lamp
6637698285729,yellow-brass-industrial-metal-ceiling-pendant-light-shade-hanging-lights-1570
6629057757345,four-outlet-retro-modern-orange-ceiling-pendant-industrial-light-shade-chandelier
6620252012705,retro-style-3-way-rustic-red-metal-pendant-ceiling-light-fitting
6620251357345,black-pendant-lights-black-pendant-lights
6620250898593,brushed-copper-3-point-multi-drop-outlet-ceiling-light
6614271393953,industrial-ceiling-pendant-light-fitting-with-metal-dome-lampshade
6614011674785,curvy-pendant-lighting-metal-industrial-vintage-hanging-ceiling
6606562820257,double-head-black-pendant-lighting-cage-40cm-ceiling-light
6604161482913,black-orange-adjustable-ceiling-pendant-lights
6594009301153,3-out-let-white-set-adjustable-hanging-pendant-ceiling-light-e27-base
6594007826593,3-head-vintage-industrial-adjustable-hanging-ceiling-pendant-light-e27
6594007433377,retro-industrial-ceiling-e27-hanging-pendant-light-shade-brushed-brass
6594007302305,retro-industrial-ceiling-e27-hanging-pendant-light-shade-brushed-silver
6594007138465,retro-industrial-ceiling-e27-hanging-pendant-light-shade-brushed-copper
6594007007393,black-ceiling-e27-hanging-pendant-light-shade-black-white-inner
6594006810785,retro-industrial-ceiling-e27-hanging-pendant-light-shade-black-gold-inner
6578508398753,industrial-pendant-ceiling-light-black-wire-cage-lampshade-hanging-light-fitting
6573956989089,french-gold-3-head-vintage-industrial-retro-loft-style-metal-ceiling-lampshade
6535720108193,satin-nickel-3-head-pendant-braided-fabric-flex-lamp-holder-fitting
6069694726305,yellow-5-outlet-ceiling-light-fixtures-black-hanging-pendant-lighting
6069694496929,blue-5-outlet-ceiling-light-fixtures-black-hanging-pendant-lighting
6069694365857,grey-5-outlet-ceiling-light-fixtures-black-hanging-pendant-lighting
6069693939873,blue-and-white-light-pendant-hanging-light-industrial-5-outlet-pendant
6069693579425,vintage-metal-dome-pendant-lights-industrial-lighting-rustic-black
6069693317281,industrial-hemp-rope-chandelier-5-head-metal-ceiling-pendant-light-1633
6054283411617,metal-ceiling-pendant-light-modern-hemp-hanging-retro-lamps
6054233637025,colours-industrial-retro-loft-metal-ceiling-lamp-shade-pendant-light
6052095852705,grey-colour-modern-vintage-industrial-retro-loft-metal-ceiling-lamp-shade-pendant-light
6052095787169,light-blue-colour-modern-vintage-industrial-retro-loft-metal-ceiling-lamp-shade-pendant-light
6052095656097,yellow-colour-retro-style-metal-ceiling-hanging-pendant-light-shade-modern-design
6052095459489,grey-colour-retro-style-metal-ceiling-hanging-pendant-light-shade-modern-design
6052095393953,modern-blue-colour-retro-ceiling-hanging-pendant-light-shade-1651
6052095295649,green-colour-retro-style-metal-ceiling-hanging-pendant-light-shade-modern-design
6052095230113,slotted-shape-metal-ceiling-pendant-light-modern-hemp-hanging-retro-lamps
6052095197345,bowl-shape-metal-ceiling-pendant-light-modern-hemp-hanging-retro-lamps
6052095099041,curvy-shape-metal-ceiling-pendant-light-modern-hemp-hanging-retro-lamps
6052095000737,dome-shape-metal-ceiling-pendant-light-modern-hemp-hanging-retro-lamps
6026337714337,orange-e27-ceiling-light-fitting-industrial-pendant-lamp-bulb-holder
6026335518881,black-ceiling-light-fitting-industrial-pendant-lamp-bulb-holder
6024708718753,1m-twisted-cable-e27-base-holder
6024708292769,2m-black-white-round-cable-e27-base-satin-nickel-holder
6024707965089,2m-gold-twisted-cable-e27-base-pendant-french-gold-holder
6022421610657,chrome-pendant-light-fitting-ceiling-rose-e27-suspension
6008905466017,5m-grey-2-core-twisted-electric-fabric-0-75mm-cable
6008904548513,5m-gold-2-core-twisted-electric-fabric-0-75mm-cable
5971602702497,light-blue-pendant-light-lampshade-ceiling-light-shade-with-bulb
5971602374817,industrial-metal-pendant-lights-e27-base-lighting-fixture
5971602210977,red-pendant-light-lampshade-ceiling-light-shade-with-bulb
5971602014369,blue-pendant-light-lampshade-ceiling-light-shade-with-bulb
5956239720609,cream-style-rattan-wicker-ceiling-pendant-lampshade-hanging-decoration-lamp
5956068606113,ceiling-pendant-lights-lampshade-3-head-red
5956068507809,ceiling-pendant-lights-lampshade-3-head-green
5956068442273,ceiling-pendant-lights-lampshade-3-head-blue
5956068343969,ceiling-pendant-lights-lampshade-3-head-gold
5956004413601,blue-celling-pendant-light-shade-kitchen-bar-chandelier-hanging-lamp-ceiling-lights
5956004249761,black-chandelier-with-glass-ball-hanging-lamp-single-indoor-lamp-light
5956004085921,modern-medium-cream-lattice-wicker-rattan-globe-ball-style-ceiling-pendant-light-lampshade
5956003758241,red-wicker-rattan-lampshade-ceiling-pendant-light
5956003299489,blue-rattan-pendant-light-2-head-e27-hanging-lamp
5956003266721,rattan-wicker-yellow-woven-ball-globe-two-outlet-pendant-lampshade
5956003233953,rattan-wicker-woven-red-ball-globe-pendant-lampshade-two-outlet
5956003201185,cream-rattan-wicker-woven-ball-globe-two-outlet-pendant-lampshade
5956003168417,white-rattan-wicker-woven-ball-globe-pendant-lampshade-two-outlet
5956003037345,two-outlet-black-rattan-wicker-woven-ball-globe-pendant-lampshade
5956002840737,blue-rattan-wicker-woven-pendant-lampshade-four-outlet
5956002742433,rattan-wicker-woven-ball-globe-yellow-pendant-lampshade-four-outlet
5956002644129,pendant-lampshade-four-outlet-red-rattan-wicker-woven-ball-globe
5956002578593,four-outlet-cream-rattan-wicker-woven-ball-globe-pendant-lampshade
5956002447521,black-rattan-wicker-woven-ball-globe-pendant-lampshade-four-outlet
5950507614369,colors-multi-outlet-lattice-wicker-rattan-globe-shade
5911744643233,modern-gloss-royal-blue-metal-dome-ceiling-pendant-light
5911744446625,light-blue-mettal-40cm-ceiling-lamp-pendant-light
5911744282785,40cm-black-metal-dome-pendant-light
5911743856801,grey-metal-ceiling-light-pendant-shade-retro-lampshade
5911743529121,orange-metal-ceiling-lampshade-pendant-light-shade-40cm
5911743234209,red-retro-metal-cafe-diner-ceiling-light-pendant-lampshade
5907435552929,modern-black-ceiling-light-shade-pendant-metal-dome-lamp-light
5907435487393,pendant-lamp-industrial-lamp-dome-brushed-copper-hanging-lamp
5907435389089,brushed-silver-retro-pendant-shade-metal-style-lampshade
5907435323553,rustic-red-industrial-metal-ceiling-pendant-shade-hanging-retro-light
5877380972705,blue-style-rattan-wicker-ceiling-pendant-lampshade-hanging-decoration-lamp
5877380513953,black-3-outlet-pendant-woven-rattan-dome-led-pendant-transitional-for-kitchen-living
5877379727521,3-head-red-bamboo-retro-hanging-light-fixtures-wicker-pendant-light-living-room
5874165448865,modern-wicker-rattan-lampshade-ceiling-pendant-lamp-hanging-decoration-lamp
5873931583649,metal-pendant-light-shade-black-retro-industrial-ceiling-lampshades-lighting-shades
5873930829985,rustic-red-modern-steel-lampshade-rustic-red-colour-retro-style-lighting
5873930535073,brushed-brass-modern-vintage-industrial-ceiling-pendant-lamp-shade
5814731702433,hemp-rope-3-head-pendant-ceiling-light-retro-lamp
5814731276449,pendant-lamp-rose-gold-metal-wire-vintage-lamp-ceiling-lamp-e27
5806504837281,grey-industrial-pendant-shade-modern-hemp-hanging-retro-light
5806504050849,copper-hemp-hanging-retro-ceiling-industrial-light
5806503526561,rustic-red-vintage-metal-ceiling-hemp-hanging-retro-light
5806502183073,brushed-copper-pendant-shade-modern-hemp-hanging-retro-light
5805741998241,new-ceiling-lamps-pendant-lamp-hanging-lamp-lamp-industrial-vintage-lamp-decoration
5798909214881,pendant-lamp-metal-e27-retro-industrial-vintage-hanging-lamp-ceiling-lamp
5794936324257,2m-hemp-rope-pendant-glass-lamp-shade-industrial
5784602640545,brushed-silver-metal-industrial-hanging-pendant-lighting-adjustable-hanging-barn-light
5784602575009,copper-industrial-vintage-edison-filament-lamps-pendant
5784602378401,industrial-pendant-light-black-vintage-hanging-pendant-lights-retro-lamp-fixtures
5784601854113,rattan-pendant-shade-fits-existing-standard-pendant-lounge-bedroom-kitchen
5770426941601,rustic-woven-cage-pendant-light-industrial-metal-pendant-lighting-fixture
5758489100449,copper-pendant-ceiling-lights-for-your-home
5758489034913,modern-satin-nickel-pendant-lighting
5758488871073,black-industrial-vintage-style-ceiling-pendant-light-fittings-metal-lampshades
5753361334433,satin-nickel-multi-outlet-ceiling-pendant-kits
5740007129249,modern-industrial-vintage-style-ceiling-light-pendant-set-chandelier-metal-lampshade-hanging-loft-fitting-lampshade-fixture
5670350356641,brushed-copper-cone-lamp-shade-with-hemp-pendant
5594436141217,retro-drop-light-shades-modern-ceiling-pendant-lampshades-metal-various-colours
5543643676833,vintage-industrial-metal-ceiling-pendant-shade-modern-hanging-retro-lights
5543091536033,modern-e27-cluster-ceiling-rose-pendant-light-fabric-flex-lamp-holder-fitting-uk
5536371114145,black-multi-outlet-e27-metal-vintage-hanging-ceiling-pendant-lights
5509926977697,vintage-e27-ceiling-pendant-light-lampshade-industrial-pendant-lamp-bulb-holder
5495924916385,3-head-modern-chrome-ceiling-pendant-light-fitting-pendant-hanging-chandelier
5482771546273,e27-ceiling-rose-light-fitting-vintage-industrial-pendant-lamp-bulb-holder
5482060284065,3-head-modern-chandelier-pendant-light-shade-colour-ceiling-pendant-lampshades
5471051612321,retro-ceiling-light-glass-vintage-industrial-e27-base-holder-pendant-lamp-uk
5433968230561,vintage-industrial-3-head-e27-hanging-modern-ceiling-pendant-light-lamp-shade
5433838305441,3-head-retro-ceiling-light-glass-vintage-industrial-e27-base-holder-pendant-lamp-uk
5433709953185,vintage-industrial-modern-ceiling-pendant-light-loft-ceiling-lampshade-uk-new-style
5432208523425,retro-pendant-light-shade-vintage-industrial-ceiling-lighting-led-restaurant-loft
5360127180961,new-modern-vintage-industrial-retro-cama-loft-metal-ceiling-lamp-shade-pendant-light
5356178276513,modern-ceiling-hanging-cage-pendant-light-lamp-shade-retro-industrial-loft-style
5343443157153,pendant-light-modern-chandelier-style-ceiling-lampshade-metal-rose-gold
5343276368033,vintage-industrial-lamp-light-antique-retro-e27-fitting-rose-gold
5334324412577,3-way-modern-black-ceiling-pendant-cluster-light-fitting-industrial-pendant-lampshade
5334243016865,3-way-modern-ceiling-pendant-cluster-light-fitting-industrial-pendant-lampshade
5333996208289,3-light-pendant-fitting-cage-style
5329136124065,vintage-industrial-retro-ceiling-light-cage-loft-chandelier-pendant-light-lamp
5321091645601,modern-vintage-industrial-retro-loft-cluster-ceiling-lamp-shade-pendant-light-uk
5314328527009,vintage-iron-pendant-light-e27
5314170618017,industrial-black-cage-pendant-light-e27-matt-black
5282611953825,retro-industrial-hanging-lamp-pendant-lamp-bar-lampshade-lamp-e27-black-new
5265738629281,2-core-round-red-white-vintage-italian-braided-fabric-cable-flex-0-75mm-uk-1
5253203034273,new-style-vintage-industrial-retro-loft-metal-ceiling-e27-lamp-shade-pendant-light
5245842096289,industrial-retro-loft-wine-bottle-pendant-light-e27-ceiling-wine-bottle-cluster-chandeliers
5245805789345,e27-ceiling-rose-light-fitting-vintage-industrial-pendant-lamp-bulb-holder-light-brushed-copper
5239482908833,vintage-industrial-e27-4-heads-hemp-rope-pendant-ceiling-light-retro-decor
5239482876065,vintage-industrial-e27-3-head-hemp-rope-pendant-ceiling-light-retro-decor
4619982700640,modern-industrial-retro-pendant-lamp-ceiling-light-wheel-light-for-bedroom-cafe
4609306296416,modern-industrial-pendant-light-lamp-shade-with-free-bulbs-ceiling-light-lampshade-led-vintage
4603700510816,e27-vintage-industrial-pendant-lamp-holder-with-free-bulb-fabric-light-fitting-ceiling-rose
4600842453088,modern-fashion-industrial-metal-shade-loft-cafe-pendant-light-ceiling-lamp-new
4599649140832,bird-cage-ceiling-industrial-chandelier-loft-pendant-light-with-free-bulb
4599561945184,multi-way-black-modern-ceiling-pendant-fitting-led-light-bulbs-lampshade-uk
4595242106976,3-pack-vintage-industrial-retro-ceiling-pendant-light-lampshade-black-metal-light-shade
4590874787936,vintage-industrial-glass-lampshade-edison-hemp-rope-metal-hanging-pendant-lightshade
4572372303968,vintage-industrial-retro-hanging-ceiling-lamp-metal-wire-e27-cage
4570365329504,black-and-white-ceiling-rose-fabric-flex-hanging-pendant-light-lamp-holder-fitting-lighting-kit
4562853789792,modern-vintage-industrial-retro-loft-3-head-ceiling-pendant-lamp-shade
4553715810400,modern-design-ceiling-3-pendant-shade-light-set
4553254862944,industrial-vintage-iron-wheel-ceiling-light-pendant-lamp-edison-lighting-fixture
4552643903584,industrial-vintage-water-pipe-pendant-lights-ceiling-chandelier
4551433060448,3-light-barrel-shape-large-fitting-net-wire-cage-shade-ceiling-industrial-geometric
4536343461984,adjustable-black-metal-ceiling-pendant-light-easy-fit
4536343134304,pendant-light-suspended-ceiling-light
4536342839392,modern-pendant-light-metal-ceiling-lamp-shade
4528321101920,modern-ceiling-1-head-pendant-light-fitting-metal-black-cage
4528320970848,modern-ceiling-3-head-pendant-light-fitting-metal-black-cage
4528320184416,modern-ceiling-pendant-wood-light-fittings
4528319594592,ceiling-rose-e27-screw-2-pendant-light-fabric-flex-lamp-holder
4523829723232,modern-vintage-style-ceiling-yellow-colour-pendant-lamp
4523829330016,vintage-industrial-metal-ceiling-red-hanging-pendant-shade
4523829198944,vintage-industrial-metal-ceiling-blue-hanging-pendant-shade
4523828871264,vintage-industrial-metal-ceiling-green-hanging-pendant-shade
4518920192096,retro-style-pendant-light-rose-gold-colours-lamp-shade
4518920061024,retro-style-pendant-light-satin-nickel-colours-lamp-shade
4509718872160,ceiling-pendant-light-retro-industrial-metal-bird-cage-light-fitting-kit
4509718610016,vintage-yellow-e27-base-brass-cone-pendant-light
4506283409504,modern-yellow-colour-lampshade-industrial-retro-style-metal-ceiling-pendant-lightshade
4506283343968,modern-black-colour-lampshade-industrial-retro-style-metal-ceiling-pendant-lightshade
4506283245664,modern-blue-colour-lampshade-industrial-retro-style-metal-ceiling-pendant-lightshade
4506283212896,modern-green-colour-lampshade-industrial-retro-style-metal-ceiling-pendant-lightshade
4506283147360,modern-red-colour-lampshade-industrial-retro-style-metal-ceiling-pendant-lightshade
4506282983520,modern-grey-colour-lampshade-industrial-retro-style-metal-ceiling-pendant-lightshade
4506282917984,modern-pink-colour-lampshade-industrial-retro-style-metal-ceiling-pendant-lightshade
4506281607264,retro-loft-3-head-ceiling-light-shade-pendant-lamp
4506281508960,adjustable-rectangle-3-way-ceiling-pendant-light
4497898537056,industrial-retro-pendant-light-suspended-cluster-lights-style-glass-lamp-shade
4490630627424,vintage-industrial-ceiling-pendant-light-retro-loft-style-metal-shade-lamp
4489972056160,retro-metal-design-bicycle-ceiling-hanging-pendant-light-shade-modern-lampshade
4486947602528,light-fitting-ceiling-shade-industrial-metal-pendant-style-hanging-lampshade
4485851512928,metal-hanging-pendant-light-for-living-room
4478992253024,retro-metal-pendant-lampshade-ceiling-light-shade-vintage-industrial-kitchen
4478992121952,industrial-retro-metal-pendant-lampshade-ceiling-light-shade-kitchen-uk
4478991925344,retro-metal-pendant-lampshade-ceiling-light-shade-vintage-industrial-light
4478991794272,vintage-industrial-retro-loft-ceiling-lamp-new-modern-shade-pendant-light
4475616460896,vintage-industrial-loft-style-hemp-rope-3head-cluster-ceiling-pendant-light-lamp
4468593262688,vintage-industrial-loft-hemp-rope-iron-pendant-ceiling-light-retro-lamp
4468584087648,industrial-iron-metal-ceiling-lamp-edison-e27-loft-retro-style
4438452437088,ceiling-light-pendant-retro-lamp-industrial-chandelier-loft
4417296302176,rustic-red-flat-lamp-shade-ceiling-pendant
4417295548512,nest-wire-cage-ceiling-pendant-black-cluster-light-fitting
4417290403936,vintage-retro-ceiling-corn-shape-pendant-light-shade-ceiling-pendant-light
4417288831072,bird-cage-ceiling-industrial-chandelier-loft-pendant-light
4417283555424,wall-sconces-light-black-industrial-vintage-simplicity-lamp-2
4417283096672,3-core-round-vintage-braided-fabric-black-and-white-x-printed-coloured-cable-flex-0-75mm-1
4417282736224,3-core-twisted-yellow-and-black-houndstooth-twisted-multi-tweed-vintage-electric-fabric-cable-flex-0-75mm
4417278115936,3-core-army-green-round-vintage-italian-braided-fabric-cable-flex-0-75mm-uk
4417277886560,3-core-round-vintage-fabric-cable-flex-italian-braided-light-brown-cable-0-75mm-uk
4417277788256,3-core-round-vintage-grey-italian-braided-fabric-cable-flex-0-75mm-uk
4417277460576,3-core-twisted-electric-cable-covered-hemp-color-fabric-0-75mm
4417272479840,retro-loft-chandelier-pendant-light
4417272414304,flex-holder-ceiling-pendant-light
4417272086624,fabric-ceiling-pendant-light-lamp-fitting
4417271529568,e27-bulb-industrial-green-brass-holder
4417271464032,metal-hanging-ceiling-vintage-industrial-retro-loft-lampshade
4417271398496,ceiling-lampshade-vintage-industrial-retro-loft-metal-hanging
4417271365728,industrial-blue-retro-loft-metal-hanging-vintage-ceiling-lampshade
4417271136352,cage-lights-for-kitchen-island
4417271103584,modern-vintage-industrial-retro-loft-ceiling-pendant-lampshade
4417270939744,vintage-golden-interior-elegant-wide-ceiling-pendant-aluminum
4417270874208,industrial-vintage-pendant-loft-lampshade-ceiling-chandelier-lamp
4417270808672,silver-ceiling-pendant-retro-lamp-industrial-loft-chandelier
4417270743136,loft-chandelier-ceiling-light-pendant-retro-lamp-industrial
4417270710368,hanging-kitchen-light
4417270415456,vintage-ceiling-hanging-pendant-brass-lamp-wire-cage
4417270022240,vintage-industrial-rope-cage-ceiling-pendant-light-lampshade
4417269858400,pendant-vintage-ceiling-grey-light-lamp-shade-chandelier
4417269792864,pendant-light-modern-ceiling-green-lamp-shade-chandelier
4417269661792,pendant-light-modern-ceiling-brown-lamp-shade-chandelier
4417269596256,lamp-shade-chandelier-modern-ceiling-yellow-pendant-light
4417269563488,blue-pendant-modern-flat-ceiling-light-lampshade-chandelier
4417269465184,modern-ceiling-yellow-pendant-light-lamp-shade-chandelier
4417269399648,lampshade-modern-ceiling-pendant-brass-chandelier-light
4417269235808,modern-bottle-style-edison-lampshade-chandelier-pendant-ceiling
4417269170272,kitchen-lights-black
4417269039200,rectangle-wire-lampshade-ceiling-vintage-pendant-light
4417268973664,hanging-lights-for-kitchen
4417268875360,metal-kitchen-pendant-light
4417268809824,0-75mm-3-core-round-vintage-braided-purple-fabric-covered-light-flex
4417268351072,3-core-round-vintage-braided-fabric-brown-cable-flex-0-75mm
4417267925088,3-core-round-vintage-braided-fabric-black-and-white-cable-flex-0-75mm
4417267204192,vintage-ceiling-balloon-cage-metal-light-lampshade
4417267040352,pendant-light-vintage-flat-black-lamp-shades
4417266745440,horn-vintage-ceiling-pendant-lamp-shade
4417266679904,retro-style-metal-wavy-vintage-ceiling-pendant-lamp-shade
4417264320608,3-way-ceiling-light-fitting
4414315692128,modern-copper-ceiling-light-pendant-lamp-shade
4414315429984,guard-light-wire-ceiling-industrial-black-chandelier-pendant
